name,album,artist,id,release_date,popularity,length,danceability,acousticness,energy,instrumentalness,liveness,valence,loudness,speechiness,tempo,key,time_signature
TOUT VA BIEN (feat. Ninho & Naps),QUARTIERS NORD,Alonzo,6OZwia8loN0aPS0vTvsBjR,2022-05-20,80,192960,0.66,0.301,0.72,0.0,0.226,0.628,-5.874,0.0753,99.937,3,4
Je M'appelle,Je M'appelle,Benzz,6A3SB2C4U6JtCavQOXLYNN,2022-04-21,83,139574,0.807,0.17,0.75,0.0,0.164,0.961,-4.396,0.237,141.176,11,4
Sunshine,Sunshine,OneRepublic,5r43qanLhUCdBj8HN3fa6B,2021-11-10,82,163854,0.697,0.137,0.875,0.0,0.28,0.774,-4.621,0.034,140.069,5,4
Suavemente,Suavemente,Soolking,4KHXk0rTD80mEf7bbdK29j,2022-02-22,79,159357,0.865,0.284,0.682,0.00445,0.0422,0.508,-4.563,0.0548,140.052,7,4
Remedy,Remedy,Leony,5JVA0t7r2Y7m9NaHmgaeiC,2022-01-14,76,147410,0.55,0.0561,0.75,0.0,0.129,0.381,-3.289,0.146,172.124,0,4
Beautiful Girl,Beautiful Girl,Luciano,2XRn6Qu0Wd1KvOND8JbaTx,2022-04-28,85,179186,0.839,0.287,0.412,0.000796,0.101,0.607,-8.816,0.0935,139.901,11,4
No Wahala,No Wahala,1da Banton,1z3Lac4bdl57XLcu35ma1M,2021-07-02,69,162285,0.808,0.621,0.639,0.0281,0.231,0.612,-7.244,0.147,105.016,11,4
Night Away (Dance) (feat. Tion Wayne),Night Away (Dance) (feat. Tion Wayne),A1 x J1,7z5G2LOdV8okZn4yWg3q5g,2022-03-03,81,175774,0.706,0.235,0.552,0.0,0.144,0.835,-9.479,0.0833,142.037,5,4
Manila,Manila,Ray Dalton,2hBkoDhuGk2AtSCprEFDFP,2021-10-15,75,144621,0.678,0.234,0.735,0.0,0.423,0.71,-5.996,0.0617,150.091,7,4
AUSMACHT,AUSMACHT,Emilio,5EqNQy5SQgXIRQ86oYvUlf,2022-06-03,73,148973,0.703,0.258,0.786,2.36e-05,0.184,0.522,-6.818,0.309,125.258,1,4
Bones,Bones,Imagine Dragons,0HqZX76SFLDz2aW8aiqi7G,2022-03-11,87,165264,0.773,0.0206,0.742,0.0,0.0754,0.571,-3.678,0.046,114.071,5,4
SUPERMODEL,SUPERMODEL,Måneskin,63WuQOXohQIxOxIFA2K7bR,2022-05-13,86,148064,0.636,0.00164,0.876,0.0,0.117,0.799,-3.413,0.0555,120.983,7,4
I Like You (A Happier Song) (with Doja Cat),Twelve Carat Toothache,Post Malone,0O6u0VJ46W86TxN9wgyqDj,2022-06-03,87,192840,0.733,0.121,0.67,0.0,0.121,0.472,-6.009,0.0751,100.964,5,4
Move Your Body,Move Your Body,Öwnboss,6GomT970rCOkKAyyrwJeZi,2021-10-29,84,157444,0.848,0.0169,0.821,0.000403,0.0962,0.249,-5.408,0.0527,125.051,2,4
As It Was,As It Was,Harry Styles,4LRPiXqCikLlN15c3yImP7,2022-03-31,100,167303,0.52,0.342,0.731,0.00101,0.311,0.662,-5.338,0.0557,173.93,6,4
I Ain't Worried,"I Ain’t Worried (Music From The Motion Picture ""Top Gun: Maverick"")",OneRepublic,4h9wh7iOZ0GGn8QVp4RAOB,2022-05-13,81,148485,0.704,0.0826,0.797,0.000745,0.0546,0.825,-5.927,0.0475,139.994,0,4
Bam Bam (feat. Ed Sheeran),Bam Bam (feat. Ed Sheeran),Camila Cabello,0QBzMgT7NIeoCYy3sJCof1,2022-03-04,91,206070,0.756,0.182,0.697,0.0,0.333,0.956,-6.377,0.0401,94.996,8,4
TO THE MOON,TO THE MOON,Jnr Choi,5vUnjhBzRJJIAOJPde6zDx,2021-11-06,82,152137,0.745,0.0451,0.65,0.00758,0.111,0.386,-11.814,0.346,144.047,2,4
Ohne Benzin,Ohne Benzin,Domiziana,3a0F2N6rXJSibQTp77xH4f,2022-03-04,77,155136,0.746,0.0427,0.7,0.00146,0.552,0.687,-6.42,0.109,133.044,8,4
The Motto,The Motto,Tiësto,18asYwWugKjjsihZ0YvRxO,2021-11-04,90,164818,0.754,0.0301,0.763,2.23e-05,0.0901,0.464,-4.627,0.0435,117.953,7,4
Calm Down,Calm Down,Rema,6hgoYQDUcPyCz7LcTUHKxa,2022-02-10,77,219813,0.811,0.376,0.781,0.001,0.121,0.824,-6.333,0.0428,107.007,11,4
Down,M.A.T.G.A.,GRMV,3r8n4EYp7J5Z6g3dooASb3,2022-05-13,50,210000,0.867,0.131,0.615,2.44e-06,0.173,0.346,-6.542,0.0415,128.033,2,4
MIDDLE OF THE NIGHT,MIDDLE OF THE NIGHT,Elley Duhé,58HvfVOeJY7lUuCqF0m3ly,2020-01-10,93,184447,0.41,0.0228,0.611,0.0,0.116,0.0899,-8.271,0.0467,185.727,4,3
Where Did You Go? (feat. MNEK),Where Did You Go (feat. MNEK),Jax Jones,3sa06xVNmLLYIxdNNmVQN8,2022-02-04,86,177689,0.763,0.182,0.782,7.08e-06,0.293,0.502,-4.541,0.0346,127.034,7,4
In My Head,In My Head,Lil Tjay,1HvTxgCj0mTzQlEo0zLvFb,2022-04-01,84,135264,0.684,0.159,0.545,0.0,0.102,0.407,-6.885,0.121,143.049,1,4
Ferrari,Ferrari,James Hype,4zN21mbAuaD0WqtmaTZZeP,2022-04-01,83,186661,0.847,0.0127,0.69,6e-05,0.0526,0.692,-7.877,0.0493,125.004,1,4
Blurry Eyes,Blurry Eyes,Michael Patrick Kelly,5nBjAwUz17s1MaOkDXUnUE,2021-11-05,63,216387,0.66,0.713,0.421,0.0,0.0865,0.274,-7.629,0.0341,124.002,2,4
Hold My Hand,"Hold My Hand (Music From The Motion Picture ""Top Gun: Maverick"")",Lady Gaga,0oWraSo5ASJ0h1BEagTyEw,2022-05-03,82,225300,0.519,0.0387,0.617,0.0,0.401,0.222,-4.287,0.0313,147.708,7,3
Tee,Tee,Lomepal,7lipUxEvDX7gvpVLOoqiau,2022-06-02,68,202040,0.607,0.687,0.412,0.000333,0.321,0.217,-9.526,0.0873,123.311,4,4
Anyone For You (Tiger Lily),Anyone For You (Tiger Lily),George Ezra,5iFQfP3AqVnHHS89LKQisL,2022-01-28,80,187682,0.662,0.293,0.807,3.55e-06,0.189,0.772,-3.285,0.0411,103.031,10,4
Aventura (feat. Noizy),Aventura (feat. Noizy),Ardian Bujupi,3suSmslpijJkZzSjDKmgh7,2022-05-27,62,171147,0.832,0.325,0.649,9.16e-06,0.0559,0.873,-4.905,0.0873,121.937,6,4
go,go,Cat Burns,4VtRHZ4tBDHaWltVAytlLY,2020-07-31,79,215000,0.663,0.88,0.251,0.0,0.0932,0.528,-9.87,0.0435,90.272,6,4
Sigue,Sigue/Forever My Love,J Balvin,0bBd6K5X4W7t9GyXcaVOA7,2022-03-25,81,159386,0.889,0.0515,0.641,2.75e-05,0.19,0.588,-4.494,0.0668,87.99,7,4
Powerade,Powerade,Ion Miles,6icjOrzM57QrCAtBeWB5WF,2022-04-22,81,142400,0.89,0.193,0.72,0.437,0.641,0.935,-5.202,0.0729,150.09,6,4
Crazy What Love Can Do,Crazy What Love Can Do,David Guetta,1WCEAGGRD066z2Q89ObXTq,2022-04-08,85,169756,0.601,0.0282,0.713,0.0,0.158,0.464,-3.758,0.0449,122.872,4,4
About Damn Time,About Damn Time,Lizzo,1PckUlxKqWQs3RlWXVBLw3,2022-04-14,94,191822,0.836,0.0995,0.743,0.0,0.335,0.722,-6.305,0.0656,108.966,10,4
Emiliana,Emiliana,CKay,0vNY7uNEG8El6doRdP21D5,2021-12-03,51,164848,0.738,0.638,0.549,0.402,0.111,0.475,-9.704,0.0513,98.965,6,4
MAMIII,MAMIII,Becky G,1ri9ZUkBJVFUdgwzCnfcYs,2022-02-10,91,226088,0.843,0.0934,0.7,0.0,0.14,0.899,-3.563,0.0803,93.991,4,4
Envolver,Envolver,Anitta,3IAfUEeaXRX9s9UdKOJrFI,2021-11-11,90,193805,0.812,0.152,0.736,0.00254,0.0914,0.396,-5.421,0.0833,91.993,4,4
First Class,First Class,Jack Harlow,1rDQ4oMwGJI7B4tovsBOxc,2022-04-08,94,173947,0.905,0.0254,0.563,9.71e-06,0.113,0.324,-6.135,0.102,106.998,8,4
abcdefu,abcdefu,GAYLE,4fouWK6XVHhzl78KzQ1UjL,2021-08-13,91,168601,0.695,0.299,0.54,0.0,0.367,0.415,-5.692,0.0493,121.932,4,4
Ojitos Lindos,Un Verano Sin Ti,Bad Bunny,3k3NWokhRRkEPhCzPmV8TW,2022-05-06,97,258298,0.647,0.08,0.686,1.34e-06,0.528,0.268,-5.745,0.0413,79.928,3,4
Potion (with Dua Lipa & Young Thug),Potion (with Dua Lipa & Young Thug),Calvin Harris,7fYRg3CEbk6rNCuzNzMT06,2022-05-27,87,214459,0.824,0.158,0.697,4.11e-05,0.077,0.757,-4.869,0.0473,99.988,11,4
Thousand Miles,Thousand Miles,The Kid LAROI,1r8ZCjfrQxoy2wVaBUbpwg,2022-04-22,88,164781,0.376,0.0858,0.657,0.0,0.0884,0.203,-4.658,0.0768,80.565,7,4
Flowers,Flowers,Lauren Spencer-Smith,6Z165JvPnS8PYvGW8oLGLc,2022-04-14,82,157373,0.684,0.869,0.449,0.0,0.0881,0.341,-9.738,0.611,66.165,3,4
True Love,True Love,Kanye West,06JvOZ39sK8D8SqiqfaxDU,2022-05-27,87,148571,0.712,0.0182,0.861,6.09e-06,0.511,0.388,-5.487,0.25,84.042,5,4
Dégaine (feat. Damso),Dégaine (feat. Damso),Aya Nakamura,5cqLFudVQryezmVFmmyRJN,2022-03-09,77,210958,0.618,0.181,0.698,0.0,0.154,0.784,-5.362,0.272,178.143,10,4
Sans effet,Sans effet,Tayc,53jQtMml7GWHfpQWsR96jy,2022-05-06,69,160530,0.638,0.176,0.642,0.000524,0.0741,0.548,-5.787,0.0839,100.028,5,4
PROVENZA,PROVENZA,KAROL G,7dSZ6zGTQx66c2GF91xCrb,2022-04-22,95,210200,0.87,0.656,0.516,0.00823,0.11,0.53,-8.006,0.0541,111.005,1,4
Late Night Talking,Harry's House,Harry Styles,1qEmFfgcLObUfQm0j1W2CK,2022-05-20,94,177954,0.714,0.298,0.728,0.0,0.106,0.901,-4.595,0.0468,114.996,10,4
As It Was,Harry's House,Harry Styles,4Dvkj6JhhA12EX05fT7y2e,2022-05-20,93,167303,0.52,0.342,0.731,0.00101,0.311,0.662,-5.338,0.0557,173.93,6,4
Running Up That Hill (A Deal With God),Hounds Of Love,Kate Bush,75FEaRjZTKLhTrFGsfMUXR,1985,92,298933,0.629,0.72,0.547,0.00314,0.0604,0.197,-13.123,0.055,108.375,10,4
Yet To Come,Proof,BTS,10SRMwb9EuVS1K9rYsBfHQ,2022-06-10,81,193593,0.559,0.0432,0.885,0.0,0.333,0.683,-4.515,0.189,172.029,1,4
Me Porto Bonito,Un Verano Sin Ti,Bad Bunny,6Sq7ltF9Qa7SNFBsV5Cogx,2022-05-06,97,178567,0.911,0.0901,0.712,2.68e-05,0.0933,0.425,-5.105,0.0817,92.005,1,4
Ojitos Lindos,Un Verano Sin Ti,Bad Bunny,3k3NWokhRRkEPhCzPmV8TW,2022-05-06,97,258298,0.647,0.08,0.686,1.34e-06,0.528,0.268,-5.745,0.0413,79.928,3,4
Run BTS,Proof,BTS,69xohKu8C1fsflYAiSNbwM,2022-06-10,77,204939,0.724,0.0201,0.818,0.0,0.0358,0.696,-3.747,0.168,77.004,8,4
Tití Me Preguntó,Un Verano Sin Ti,Bad Bunny,1IHWl5LamUGEuP4ozKQSXZ,2022-05-06,96,243716,0.65,0.0993,0.715,0.000291,0.126,0.187,-5.198,0.253,106.672,5,4
Moscow Mule,Un Verano Sin Ti,Bad Bunny,6Xom58OOXk2SoU711L2IXO,2022-05-06,96,245939,0.804,0.294,0.674,1.18e-06,0.115,0.292,-5.453,0.0333,99.968,5,4
Efecto,Un Verano Sin Ti,Bad Bunny,5Eax0qFko2dh7Rl2lYs3bx,2022-05-06,93,213061,0.801,0.141,0.475,1.73e-05,0.0639,0.234,-8.797,0.0516,98.047,7,4
PROVENZA,PROVENZA,KAROL G,7dSZ6zGTQx66c2GF91xCrb,2022-04-22,95,210200,0.87,0.656,0.516,0.00823,0.11,0.53,-8.006,0.0541,111.005,1,4
For Youth,Proof,BTS,4JzCFEc3O2UEdjKzevvFH5,2022-06-10,75,264480,0.633,0.434,0.511,0.0,0.248,0.29,-5.665,0.0368,116.855,2,3
About Damn Time,About Damn Time,Lizzo,1PckUlxKqWQs3RlWXVBLw3,2022-04-14,94,191822,0.836,0.0995,0.743,0.0,0.335,0.722,-6.305,0.0656,108.966,10,4
Party,Un Verano Sin Ti,Bad Bunny,4tYFy8ALRjIZvnvSLw5lxN,2022-05-06,95,227628,0.829,0.0151,0.799,0.000543,0.242,0.471,-5.389,0.0897,97.013,9,4
Heat Waves,Dreamland (+ Bonus Levels),Glass Animals,02MWAaffLxlfxAUY7c5dvx,2020-08-06,90,238805,0.761,0.44,0.525,6.7e-06,0.0921,0.531,-6.9,0.0944,80.87,11,4
Te Felicito,Te Felicito,Shakira,2rurDawMfoKP4uHyb2kJBt,2022-04-21,90,172235,0.695,0.234,0.636,0.0,0.081,0.575,-4.654,0.317,174.14,5,4
Born Singer,Proof,BTS,1IthE5GNiRzFN5CVaCa445,2022-06-10,74,238628,0.602,0.0354,0.841,0.0,0.235,0.684,-3.334,0.109,157.937,8,4
Late Night Talking,Harry's House,Harry Styles,1qEmFfgcLObUfQm0j1W2CK,2022-05-20,94,177954,0.714,0.298,0.728,0.0,0.106,0.901,-4.595,0.0468,114.996,10,4
First Class,Come Home The Kids Miss You,Jack Harlow,0wHFktze2PHC5jDt3B17DC,2022-05-06,85,173947,0.902,0.111,0.582,3.18e-06,0.111,0.332,-5.902,0.109,107.005,5,4
I Like You (A Happier Song) (with Doja Cat),Twelve Carat Toothache,Post Malone,0O6u0VJ46W86TxN9wgyqDj,2022-06-03,87,192840,0.733,0.121,0.67,0.0,0.121,0.472,-6.009,0.0751,100.964,5,4
Bam Bam (feat. Ed Sheeran),Familia,Camila Cabello,2DB4DdfCFMw1iaR6JaR03a,2022-04-07,84,206070,0.756,0.182,0.697,0.0,0.333,0.956,-6.377,0.0401,94.996,8,4
STAY (with Justin Bieber),F*CK LOVE 3: OVER YOU,The Kid LAROI,5PjdY0CKGZdEuoNab3yDmX,2021-07-23,88,141805,0.591,0.0383,0.764,0.0,0.103,0.478,-5.484,0.0483,169.928,1,4
Tarot,Un Verano Sin Ti,Bad Bunny,41oY4WCTj5kccfesTVFnvN,2022-05-06,93,237894,0.795,0.0225,0.684,0.0,0.658,0.419,-3.971,0.0419,114.011,11,4
Cold Heart - PNAU Remix,The Lockdown Sessions,Elton John,6JIC3hbC28JZKZ8AlAqX8h,2021-10-22,84,202735,0.795,0.0354,0.8,7.25e-05,0.0915,0.934,-6.32,0.0309,116.032,1,4
Después de la Playa,Un Verano Sin Ti,Bad Bunny,1dm6z1fWB0cErMszU25dy2,2022-05-06,93,230400,0.564,0.356,0.903,0.0,0.175,0.607,-3.221,0.307,78.293,5,4
MIDDLE OF THE NIGHT,MIDDLE OF THE NIGHT,Elley Duhé,58HvfVOeJY7lUuCqF0m3ly,2020-01-10,93,184447,0.41,0.0228,0.611,0.0,0.116,0.0899,-8.271,0.0467,185.727,4,3
Cooped Up (with Roddy Ricch),Twelve Carat Toothache,Post Malone,32vE1nuG8T9c8bhmZdRY6d,2022-06-03,80,185857,0.669,0.038,0.773,0.0,0.113,0.377,-5.619,0.153,93.923,0,4
MAMIII,ESQUEMAS,Becky G,7FlQk2gJ6TBrHHiidvdR2O,2022-05-13,79,226093,0.836,0.0845,0.703,0.0,0.138,0.902,-3.554,0.0657,94.048,4,4
Una Noche en Medellín,Una Noche en Medellín,Cris Mj,1O2pcBJGej0pmH2Y9XZMs6,2022-01-21,92,153750,0.87,0.0924,0.548,4.6e-05,0.0534,0.832,-5.253,0.077,96.018,10,4
Ghost,Justice,Justin Bieber,6I3mqTwhRpn34SLVafSH7G,2021-03-19,89,153190,0.601,0.185,0.741,2.91e-05,0.415,0.441,-5.569,0.0478,153.96,2,4
Un Ratito,Un Verano Sin Ti,Bad Bunny,5CzixCxDkRXX9mScCmah8O,2022-05-06,92,176936,0.787,0.305,0.546,4.55e-05,0.122,0.222,-7.094,0.0532,93.05,0,4
Glimpse of Us,Glimpse of Us,Joji,6xGruZOHLs39ZbVccQTuPZ,2022-06-10,72,233456,0.44,0.891,0.317,4.78e-06,0.141,0.268,-9.258,0.0531,169.914,8,3
Enemy (with JID) - from the series Arcane League of Legends,Mercury - Act 1,Imagine Dragons,1HhNoOuqm1a5MXYEgAFl8o,2021-09-03,84,173381,0.728,0.237,0.783,0.0,0.434,0.555,-4.424,0.266,77.011,11,4
INDUSTRY BABY (feat. Jack Harlow),MONTERO,Lil Nas X,5Z9KJZvQzH6PFmb8SNkxuk,2021-09-17,85,212352,0.741,0.0221,0.691,0.0,0.0476,0.892,-7.395,0.0672,150.087,10,4
Woman,Planet Her,Doja Cat,6Uj1ctrBOjOas8xZXGqKk4,2021-06-25,91,172626,0.824,0.0888,0.764,0.00294,0.117,0.881,-4.175,0.0854,107.998,5,4
One Kiss (with Dua Lipa),One Kiss (with Dua Lipa),Calvin Harris,7ef4DlsgrMEH11cDZd32M6,2018-04-06,86,214846,0.791,0.037,0.862,2.19e-05,0.0814,0.592,-3.24,0.11,123.994,9,4
Shivers,=,Ed Sheeran,50nfwKoDiSYg8zOCREWAm5,2021-10-29,90,207853,0.788,0.281,0.859,0.0,0.0424,0.822,-2.724,0.0856,141.02,2,4
Until I Found You,Until I Found You,Stephen Sanchez,0T5iIrXA4p5GsubkhuBIKV,2021-09-01,89,177720,0.539,0.727,0.508,0.0,0.174,0.227,-6.05,0.0288,101.358,10,3
Where Are You Now,Where Are You Now,Lost Frequencies,3uUuGVFu1V7jTQL60S1r8z,2021-07-30,91,148197,0.671,0.515,0.636,0.000411,0.172,0.262,-8.117,0.103,120.966,6,4
WAIT FOR U (feat. Drake & Tems),I NEVER LIKED YOU,Future,59nOXPmaKlBfGMDeOVGrIK,2022-04-29,90,189893,0.463,0.314,0.642,0.0,0.0686,0.339,-4.474,0.34,83.389,1,4
Desesperados,VICE VERSA,Rauw Alejandro,6mmPpaltUZK7xjNlBPQQ0p,2021-12-10,85,224996,0.869,0.356,0.694,0.00125,0.0878,0.511,-3.35,0.0783,90.02,1,4
Cash In Cash Out,Cash In Cash Out,Pharrell Williams,3S68RFe1lsdCdTMPIMJM3X,2022-06-10,70,216135,0.877,0.00721,0.56,1.45e-06,0.0839,0.154,-3.751,0.0596,119.971,7,4
Music For a Sushi Restaurant,Harry's House,Harry Styles,5LYMamLv12UPbemOaTPyeV,2022-05-20,91,193813,0.72,0.258,0.715,0.0568,0.107,0.357,-4.652,0.04,107.041,11,4
ULTRA SOLO,ULTRA SOLO,Polimá Westcoast,0OTNHGKcqQbk51bOYe462Y,2022-02-14,89,227220,0.802,0.233,0.846,1.92e-05,0.114,0.26,-4.495,0.207,109.982,1,4
La Corriente,Un Verano Sin Ti,Bad Bunny,1797zYiX4cKosMH836X9Gt,2022-05-06,90,198367,0.663,0.229,0.786,0.0,0.219,0.579,-3.51,0.195,196.12,11,4
Matilda,Harry's House,Harry Styles,6uvh0In7u1Xn4HgxOfAn8O,2022-05-20,91,245964,0.507,0.896,0.294,1.97e-05,0.0966,0.386,-10.0,0.04,114.199,2,4
Jordan,Jordan,Ryan Castro,2rDZhKnPaPG054ExZ6nXUS,2021-04-30,90,176142,0.796,0.0575,0.68,0.000683,0.103,0.71,-5.555,0.37,179.923,10,4
Dynamite,BE,BTS,5QDLhrAOJJdNAmCTJ8xMyW,2020-11-20,86,199053,0.746,0.0112,0.765,0.0,0.0936,0.737,-4.41,0.0993,114.044,6,4
Yo No Soy Celoso,Un Verano Sin Ti,Bad Bunny,5kVZxyMY1gfdCLiChsfjn1,2022-05-06,91,230704,0.872,0.275,0.588,0.0,0.17,0.93,-6.276,0.0492,142.004,0,4
Neverita,Un Verano Sin Ti,Bad Bunny,31i56LZnwE6uSu3exoHjtB,2022-05-06,90,173119,0.876,0.0706,0.498,0.0,0.143,0.428,-7.511,0.0478,122.016,10,4
Butter,Proof,BTS,6jjYDGxVJsWS0a5wlVF5vS,2022-06-10,59,164952,0.759,0.00323,0.459,0.0,0.0788,0.695,-5.187,0.0948,109.997,8,4
Running Up That Hill (A Deal With God),Hounds Of Love,Kate Bush,75FEaRjZTKLhTrFGsfMUXR,1985,92,298933,0.629,0.72,0.547,0.00314,0.0604,0.197,-13.123,0.055,108.375,10,4
As It Was,Harry's House,Harry Styles,4Dvkj6JhhA12EX05fT7y2e,2022-05-20,93,167303,0.52,0.342,0.731,0.00101,0.311,0.662,-5.338,0.0557,173.93,6,4
Beautiful Girl,Beautiful Girl,Luciano,2XRn6Qu0Wd1KvOND8JbaTx,2022-04-28,85,179186,0.839,0.287,0.412,0.000796,0.101,0.607,-8.816,0.0935,139.901,11,4
Bam Bam (feat. Ed Sheeran),Familia,Camila Cabello,2DB4DdfCFMw1iaR6JaR03a,2022-04-07,84,206070,0.756,0.182,0.697,0.0,0.333,0.956,-6.377,0.0401,94.996,8,4
MASHALLAH,MASHALLAH,DJ Gimi-O,6l1OnCDmYkb679W1vQdcjq,2022-06-10,53,145846,0.376,0.0301,0.761,0.00017,0.192,0.365,-4.103,0.0379,93.447,4,1
Heat Waves,Dreamland (+ Bonus Levels),Glass Animals,02MWAaffLxlfxAUY7c5dvx,2020-08-06,90,238805,0.761,0.44,0.525,6.7e-06,0.0921,0.531,-6.9,0.0944,80.87,11,4
Pepas,La 167,Farruko,2B4GHvToeLTOBB4QLzW3Ni,2021-10-01,78,287120,0.762,0.00776,0.766,6.98e-05,0.128,0.442,-3.955,0.0343,130.001,7,4
Where Are You Now,Where Are You Now,Lost Frequencies,3uUuGVFu1V7jTQL60S1r8z,2021-07-30,91,148197,0.671,0.515,0.636,0.000411,0.172,0.262,-8.117,0.103,120.966,6,4
AUSMACHT,AUSMACHT,Emilio,5EqNQy5SQgXIRQ86oYvUlf,2022-06-03,73,148973,0.703,0.258,0.786,2.36e-05,0.184,0.522,-6.818,0.309,125.258,1,4
Enemy (with JID) - from the series Arcane League of Legends,Mercury - Act 1,Imagine Dragons,1HhNoOuqm1a5MXYEgAFl8o,2021-09-03,84,173381,0.728,0.237,0.783,0.0,0.434,0.555,-4.424,0.266,77.011,11,4
First Class,Come Home The Kids Miss You,Jack Harlow,0wHFktze2PHC5jDt3B17DC,2022-05-06,85,173947,0.902,0.111,0.582,3.18e-06,0.111,0.332,-5.902,0.109,107.005,5,4
Cold Heart - PNAU Remix,The Lockdown Sessions,Elton John,6JIC3hbC28JZKZ8AlAqX8h,2021-10-22,84,202735,0.795,0.0354,0.8,7.25e-05,0.0915,0.934,-6.32,0.0309,116.032,1,4
TOUT VA BIEN (feat. Ninho & Naps),QUARTIERS NORD,Alonzo,6OZwia8loN0aPS0vTvsBjR,2022-05-20,80,192960,0.66,0.301,0.72,0.0,0.226,0.628,-5.874,0.0753,99.937,3,4
Bones,Bones,Imagine Dragons,0HqZX76SFLDz2aW8aiqi7G,2022-03-11,87,165264,0.773,0.0206,0.742,0.0,0.0754,0.571,-3.678,0.046,114.071,5,4
The Motto,The Motto,Tiësto,18asYwWugKjjsihZ0YvRxO,2021-11-04,90,164818,0.754,0.0301,0.763,2.23e-05,0.0901,0.464,-4.627,0.0435,117.953,7,4
MIDDLE OF THE NIGHT,MIDDLE OF THE NIGHT,Elley Duhé,58HvfVOeJY7lUuCqF0m3ly,2020-01-10,93,184447,0.41,0.0228,0.611,0.0,0.116,0.0899,-8.271,0.0467,185.727,4,3
Suavemente,Sans visa,Soolking,6Qe7YCkIOc1iaw9HKqO3qV,2022-05-26,64,159360,0.862,0.326,0.696,0.00467,0.0418,0.519,-4.519,0.0538,140.018,0,4
Shivers,=,Ed Sheeran,50nfwKoDiSYg8zOCREWAm5,2021-10-29,90,207853,0.788,0.281,0.859,0.0,0.0424,0.822,-2.724,0.0856,141.02,2,4
Powerade,Powerade,Ion Miles,6icjOrzM57QrCAtBeWB5WF,2022-04-22,81,142400,0.89,0.193,0.72,0.437,0.641,0.935,-5.202,0.0729,150.09,6,4
Luje Belin,Luje Belin,Dafina Zeqiri,54M4aiEW8w0OtFSYA51EF5,2022-06-09,49,212789,0.839,0.199,0.728,0.000176,0.0847,0.609,-6.571,0.172,96.997,11,4
Ohne Benzin,Ohne Benzin,Domiziana,3a0F2N6rXJSibQTp77xH4f,2022-03-04,77,155136,0.746,0.0427,0.7,0.00146,0.552,0.687,-6.42,0.109,133.044,8,4
About Damn Time,About Damn Time,Lizzo,1PckUlxKqWQs3RlWXVBLw3,2022-04-14,94,191822,0.836,0.0995,0.743,0.0,0.335,0.722,-6.305,0.0656,108.966,10,4
Sunshine,Sunshine,OneRepublic,5r43qanLhUCdBj8HN3fa6B,2021-11-10,82,163854,0.697,0.137,0.875,0.0,0.28,0.774,-4.621,0.034,140.069,5,4
Je M'appelle,Je M'appelle,Benzz,6A3SB2C4U6JtCavQOXLYNN,2022-04-21,83,139574,0.807,0.17,0.75,0.0,0.164,0.961,-4.396,0.237,141.176,11,4
ALKOOL,ALKOOL,Yll Limani,1rwCOEQKudAW1jaK235YBY,2022-06-09,48,210337,0.744,0.304,0.701,0.0,0.249,0.516,-5.619,0.162,178.005,11,4
Belly Dancer,Belly Dancer,Imanbek,7fZBQnc0zXwVybgCIrQQil,2022-02-18,85,151475,0.845,0.0582,0.797,5.57e-06,0.167,0.422,-4.984,0.139,121.985,1,4
Another Love,Long Way Down,Tom Odell,7jtQIBanIiJOMS6RyCx6jZ,2013-06-17,54,244360,0.442,0.717,0.538,2.95e-05,0.09,0.139,-8.55,0.0451,122.758,4,4
Believer,Evolve,Imagine Dragons,0pqnGHJpmpxLKifKRmU6WP,2017-06-23,87,204346,0.776,0.0622,0.78,0.0,0.081,0.666,-4.374,0.128,124.949,10,4
22,SZR 2001,S-Crew,0Q9yA6p8yufj42kYFZMdJa,2022-06-10,57,201373,0.857,0.242,0.487,2.35e-06,0.131,0.0718,-7.948,0.0758,128.054,9,4
Bad Habits,=,Ed Sheeran,3rmo8F54jFF8OgYsqTxm5d,2021-10-29,90,230746,0.807,0.0451,0.893,2.79e-05,0.366,0.537,-3.745,0.0347,126.011,11,4
House of Memories,Death of a Bachelor,Panic! At The Disco,2DgdHcjWmO3qd50RzuBLgZ,2016-01-15,88,208706,0.506,0.00272,0.817,0.0,0.0486,0.506,-5.051,0.0335,109.952,11,4
Wrecked,Mercury - Act 1,Imagine Dragons,0gLFuoDun2yzBp67btvQU3,2021-09-03,73,244004,0.625,0.149,0.562,1.67e-05,0.109,0.229,-5.828,0.0289,93.998,0,4
Remedy,Remedy,Leony,2xSIcmvFQHs2CeS34Mgp62,2022-01-14,42,147410,0.554,0.0569,0.748,0.0,0.127,0.378,-3.288,0.144,172.244,0,4
Yet To Come,Proof,BTS,10SRMwb9EuVS1K9rYsBfHQ,2022-06-10,81,193593,0.559,0.0432,0.885,0.0,0.333,0.683,-4.515,0.189,172.029,1,4
STAY (with Justin Bieber),F*CK LOVE 3: OVER YOU,The Kid LAROI,5PjdY0CKGZdEuoNab3yDmX,2021-07-23,88,141805,0.591,0.0383,0.764,0.0,0.103,0.478,-5.484,0.0483,169.928,1,4
One Kiss (with Dua Lipa),One Kiss (with Dua Lipa),Calvin Harris,7ef4DlsgrMEH11cDZd32M6,2018-04-06,86,214846,0.791,0.037,0.862,2.19e-05,0.0814,0.592,-3.24,0.11,123.994,9,4
Mauvais dans le fond,SZR 2001,S-Crew,6FnrzWjXugn6wkVzQw0RIv,2022-06-10,58,198826,0.914,0.68,0.713,0.0,0.124,0.795,-5.778,0.0827,122.978,0,4
Ojitos Lindos,Un Verano Sin Ti,Bad Bunny,3k3NWokhRRkEPhCzPmV8TW,2022-05-06,97,258298,0.647,0.08,0.686,1.34e-06,0.528,0.268,-5.745,0.0413,79.928,3,4
N'oublie pas,SZR 2001,S-Crew,7M2kjdidDi0A2E4Knabggt,2022-06-10,60,202600,0.835,0.154,0.573,0.000925,0.119,0.359,-5.698,0.303,134.023,2,4
Hold My Hand,Top Gun: Maverick (Music From The Motion Picture),Lady Gaga,1c2hJSwcCfoPEw1su83Sw0,2022-05-27,70,225280,0.53,0.0403,0.612,0.0,0.393,0.264,-4.286,0.0331,148.009,7,3
abcdefu,abcdefu,GAYLE,4fouWK6XVHhzl78KzQ1UjL,2021-08-13,91,168601,0.695,0.299,0.54,0.0,0.367,0.415,-5.692,0.0493,121.932,4,4
Manila,Manila,Ray Dalton,2hBkoDhuGk2AtSCprEFDFP,2021-10-15,75,144621,0.678,0.234,0.735,0.0,0.423,0.71,-5.996,0.0617,150.091,7,4
Acapulco,Acapulco,Jason Derulo,3eJH2nAjvNXdmPfBkALiPZ,2021-09-03,82,139672,0.774,0.051,0.792,0.0,0.155,0.507,-4.021,0.0523,122.062,10,4
I Like You (A Happier Song) (with Doja Cat),Twelve Carat Toothache,Post Malone,0O6u0VJ46W86TxN9wgyqDj,2022-06-03,87,192840,0.733,0.121,0.67,0.0,0.121,0.472,-6.009,0.0751,100.964,5,4
BERETTA,BERETTA,Farid Bang,5T8d11vkU2b3bIRSMIBrCC,2022-06-03,70,212006,0.694,0.0474,0.64,2.77e-06,0.39,0.195,-6.0,0.127,89.964,2,4
I Ain't Worried,"I Ain’t Worried (Music From The Motion Picture ""Top Gun: Maverick"")",OneRepublic,4h9wh7iOZ0GGn8QVp4RAOB,2022-05-13,81,148485,0.704,0.0826,0.797,0.000745,0.0546,0.825,-5.927,0.0475,139.994,0,4
SUPERMODEL,SUPERMODEL,Måneskin,63WuQOXohQIxOxIFA2K7bR,2022-05-13,86,148064,0.636,0.00164,0.876,0.0,0.117,0.799,-3.413,0.0555,120.983,7,4
Sehnsucht,Sehnsucht,Miksu / Macloud,1W1N3usYjgI3XGQA0iX9Vq,2022-03-04,81,152826,0.804,0.642,0.645,0.0,0.173,0.912,-7.069,0.0773,142.09,6,4
Thunder,Thunder,Gabry Ponte,2USlegnFJLrVLpoVfPimKB,2021-05-07,82,160000,0.67,0.0342,0.896,3.21e-05,0.344,0.403,-4.673,0.058,101.216,1,3
DÉJÀ-VU,DÉJÀ-VU,Kollegah,3wWa1EzuvIhpNYJW3LmdXj,2022-06-10,55,160000,0.606,0.132,0.734,0.00022,0.0592,0.524,-7.119,0.282,92.33,1,4
Running Up That Hill (A Deal With God),Hounds Of Love,Kate Bush,75FEaRjZTKLhTrFGsfMUXR,1985,92,298933,0.629,0.72,0.547,0.00314,0.0604,0.197,-13.123,0.055,108.375,10,4
Pass The Dutchie,Anthology,Musical Youth,1BkY0N8ChFk2mdLbAUu8ZK,1994-02-28,78,205426,0.805,0.459,0.418,0.0,0.288,0.966,-14.374,0.0979,149.724,7,4
Tak Ingin Usai,Tak Ingin Usai,Keisya Levronka,1b0aDgrG775i4sPQgJGmkU,2022-05-13,79,278500,0.49,0.815,0.398,0.000187,0.114,0.136,-7.712,0.0266,129.772,0,3
Layla,Layla,DJ Robin,3ujiq7yK4Uan5z4876fHLK,2022-03-25,57,185437,0.442,0.00134,0.922,0.0,0.432,0.388,-2.918,0.0695,140.082,5,4
Until I Found You,Until I Found You,Stephen Sanchez,0T5iIrXA4p5GsubkhuBIKV,2021-09-01,89,177720,0.539,0.727,0.508,0.0,0.174,0.227,-6.05,0.0288,101.358,10,3
Jiggle Jiggle,Jiggle Jiggle,Duke & Jones,1I4lCSP69P74nU3a6Su5L2,2022-05-13,80,97208,0.864,0.458,0.412,0.00087,0.124,0.654,-5.886,0.273,99.992,1,4
MIDNIGHT,MIDNIGHT,PLAYAMANE,2WzAAerBvZvvFXgUpSwHZ9,2022-02-13,75,121972,0.633,0.0053,0.433,0.28,0.145,0.373,-8.833,0.229,122.088,1,4
Olmazlara İnat,Olmazlara İnat,Berkay Altunyay,11AkXmBdjwu4upt22GjJrG,2021-08-27,73,169419,0.581,0.185,0.495,2.96e-06,0.0479,0.184,-13.087,0.0658,85.043,4,4
Afraid To Feel,Afraid To Feel,LF SYSTEM,40SBS57su9xLiE1WqkXOVr,2022-05-02,71,177524,0.578,0.0166,0.912,0.00362,0.273,0.68,-3.929,0.114,127.87,1,4
Ohne Benzin,Ohne Benzin,Domiziana,3a0F2N6rXJSibQTp77xH4f,2022-03-04,77,155136,0.746,0.0427,0.7,0.00146,0.552,0.687,-6.42,0.109,133.044,8,4
Muli,Muli,Ace Banzuelo,1oYQtNQUxSODedcc5hPmp9,2020-10-16,74,290004,0.482,0.0128,0.881,0.0,0.103,0.281,-3.62,0.0533,144.02,11,4
Jhoom - R&B Mix,Jhoom,Ali Zafar,6zAvNLJkdyRApUHnlJjKfO,2011-02-14,60,298986,0.662,0.735,0.4,1.65e-05,0.0863,0.617,-11.2,0.0548,79.972,2,4
Hell's Comin' with Me,Hell's Comin' with Me,Poor Mans Poison,0cPvRrV9PBBHVfHoGBlFdO,2019-12-13,72,212996,0.581,0.395,0.619,5.34e-06,0.197,0.533,-7.691,0.0383,129.879,4,4
Bi' Tek Ben Anlarım,Bi' Tek Ben Anlarım,KÖFN,7toL7Re9rApzIuIFDaLQSe,2022-03-18,76,196250,0.66,0.0828,0.529,0.00144,0.099,0.318,-10.502,0.0762,96.009,7,4
BTBT (feat. DeVita),BTBT (feat. DeVita),B.I,0FOBJ5PbwOe5XBY9y0bnhi,2022-05-13,35,219549,0.763,0.321,0.663,0.0,0.115,0.496,-6.928,0.183,109.979,9,4
Ojitos Lindos,Un Verano Sin Ti,Bad Bunny,3k3NWokhRRkEPhCzPmV8TW,2022-05-06,97,258298,0.647,0.08,0.686,1.34e-06,0.528,0.268,-5.745,0.0413,79.928,3,4
NVMD,NVMD,Denise Julia,7ArVzlFsFsQXNseVXmdOyk,2022-02-04,75,181224,0.758,0.0903,0.674,0.0,0.0902,0.424,-4.533,0.108,97.977,6,4
ACORDA PEDRINHO,"Acorda, Pedrinho",Jovem Dionisio,6hFwju6M40CKovKBPu5IpY,2022-03-24,75,173085,0.876,0.187,0.359,1.71e-06,0.666,0.876,-11.169,0.341,124.016,11,4
Serana,Serana,For Revenge,4N6YcqNkrAxelsd33JoFWQ,2020-01-30,67,251076,0.429,0.0264,0.709,0.0137,0.135,0.26,-5.54,0.0297,130.061,2,4
Aankhon Se Batana,Aankhon Se Batana,Dikshant,1ZiReD9pPTttQWwSoYqdyH,2022-04-12,72,221271,0.544,0.791,0.307,0.0,0.11,0.335,-11.361,0.0334,177.808,10,4
Porselen Kalbim,Porselen Kalbim,Sena Şener,7z5rmdisSV8GmWCnrOd1HU,2022-03-11,69,315600,0.486,0.329,0.421,0.0,0.121,0.184,-4.671,0.0287,159.723,2,3
En El Radio Un Cochinero,En El Radio Un Cochinero,Victor Cibrian,2NWaWZZLFMcr5P4uI2KvWy,2022-05-13,83,223431,0.696,0.466,0.623,8.61e-06,0.0983,0.965,-8.738,0.0438,154.028,6,3
Never Ending Story,"Stranger Things: Soundtrack from the Netflix Original Series, Season 3",Various Artists,7r6xGsyES2DTacyP6O585i,2019-07-05,71,125480,0.438,0.0103,0.489,1.22e-05,0.442,0.182,-11.568,0.0465,136.077,0,3
Aşk Sadece Anlayana,Aşk Sadece Anlayana,Velet,62nygHWpn3wLwnZmJ8keVs,2022-05-13,79,121237,0.6,0.518,0.541,0.00301,0.19,0.321,-10.537,0.444,128.961,1,5
Suçlarımdan Biri,Atlantis,Güneş,65tIJClJx8fHo6YW4wVDhi,2022-06-03,58,171894,0.763,0.138,0.733,0.0,0.0827,0.587,-6.534,0.113,94.977,5,4
Akhiyaan,Akhiyaan,Mitraz,2l3dFxtoSMgMQVyRIUHjpz,2022-02-24,73,191868,0.724,0.0533,0.618,0.704,0.0886,0.0683,-9.007,0.0534,100.021,2,4
Je M'appelle,Je M'appelle,Benzz,6A3SB2C4U6JtCavQOXLYNN,2022-04-21,83,139574,0.807,0.17,0.75,0.0,0.164,0.961,-4.396,0.237,141.176,11,4
295,Moosetape,Sidhu Moose Wala,5W7DOVGQLTigu09afW7QMT,2021-05-15,78,270000,0.557,0.179,0.794,0.0,0.106,0.432,-5.698,0.2,91.366,11,4
Se Acabo (feat. Method Man) - Remix,Take It Or Squeeze It,The Beatnuts,4F3AZKEJubvPsl0hBArVBW,2001-03-10,78,212293,0.935,0.156,0.519,0.0,0.425,0.884,-6.482,0.31,96.97,6,4
I Want You,I Want You,La Fuente,4s8BpmFtxDgeCoPj2XHtVj,2022-04-15,65,219401,0.778,0.0607,0.816,0.88,0.121,0.29,-8.331,0.0497,124.997,8,4
F.N.F. (Let's Go),F.N.F. (Let's Go),Hitkidd,1vrFJDrysqmsNAgyjBzx4f,2022-05-03,68,137579,0.864,0.0374,0.476,0.0,0.374,0.647,-10.068,0.436,157.144,1,4
Tek It - Sped Up,Tek It (I Watch the Moon),Cafuné,0MnTkIEP4zZN1IUSu8MvIz,2019,79,166859,0.348,9.93e-05,0.95,9.68e-06,0.0868,0.377,-5.049,0.124,168.964,10,4
Rumah Singgah,Rumah Singgah,Fabio Asher,7th706Tw7ByAqOR9FMWXLg,2022-05-05,78,246730,0.418,0.723,0.229,0.0,0.107,0.363,-10.665,0.0322,78.144,8,4
Jhoom,Jhoom,Ali Zafar,2VR1z4g6haFyMoghNj46KB,2011-02-14,49,389213,0.734,0.392,0.529,0.0,0.11,0.58,-10.198,0.0346,128.022,0,4
Sufriendo,Sufriendo,MYLØ,3afAUVkCzAtkjiDxrtq6K1,2021-07-09,72,164516,0.816,0.0108,0.952,0.44,0.0779,0.282,-4.972,0.105,124.006,7,4
I Ain't Worried,"I Ain’t Worried (Music From The Motion Picture ""Top Gun: Maverick"")",OneRepublic,4h9wh7iOZ0GGn8QVp4RAOB,2022-05-13,81,148485,0.704,0.0826,0.797,0.000745,0.0546,0.825,-5.927,0.0475,139.994,0,4
Te Felicito,Te Felicito,Shakira,2rurDawMfoKP4uHyb2kJBt,2022-04-21,90,172235,0.695,0.234,0.636,0.0,0.081,0.575,-4.654,0.317,174.14,5,4
Me Porto Bonito,Un Verano Sin Ti,Bad Bunny,6Sq7ltF9Qa7SNFBsV5Cogx,2022-05-06,97,178567,0.911,0.0901,0.712,2.68e-05,0.0933,0.425,-5.105,0.0817,92.005,1,4
Tití Me Preguntó,Un Verano Sin Ti,Bad Bunny,1IHWl5LamUGEuP4ozKQSXZ,2022-05-06,96,243716,0.65,0.0993,0.715,0.000291,0.126,0.187,-5.198,0.253,106.672,5,4
Me Chama de Amor - Arrochadeira Remix,Me Chama de Amor (Arrochadeira Remix),O Tubarão,1ih3nbYJ0lugsku6065BC5,2022-03-21,77,129194,0.869,0.515,0.843,3.22e-05,0.0395,0.96,-1.801,0.0896,140.004,10,4
Good Looking,Good Looking,Suki Waterhouse,3L3G4XFQqtFe9a3azMacZ5,2017-10-20,78,214800,0.377,0.0789,0.558,0.000342,0.125,0.267,-9.076,0.0299,149.971,4,3
The Last Ride,The Last Ride,Sidhu Moose Wala,7B4uYqxTpTOS1sgxFB9Ann,2022-05-15,79,262247,0.792,0.0299,0.647,0.0,0.119,0.638,-5.447,0.334,89.029,10,4
NO LOVE,NO LOVE,Shubh,5B4YQN1FCuADJ0o4phAtwC,2022-02-26,79,170387,0.771,0.243,0.486,0.0,0.191,0.733,-8.952,0.0393,137.058,4,4
Konum Gizli (feat. Murda),Konum Gizli (feat. Murda),MERO,5h1Zdr8ghV5RaWjtdfVo8w,2022-05-12,76,198581,0.862,0.0542,0.506,2.96e-05,0.117,0.512,-8.651,0.267,136.052,10,4
As It Was,Harry's House,Harry Styles,4Dvkj6JhhA12EX05fT7y2e,2022-05-20,93,167303,0.52,0.342,0.731,0.00101,0.311,0.662,-5.338,0.0557,173.93,6,4
Cochinae,Querian Perreo?,Julianno Sosa,01EzG8Qg7oQqYMTNV5YkOW,2022-04-19,83,200816,0.855,0.0626,0.72,0.0187,0.268,0.948,-7.953,0.0516,97.984,6,4
About Damn Time,About Damn Time,Lizzo,1PckUlxKqWQs3RlWXVBLw3,2022-04-14,94,191822,0.836,0.0995,0.743,0.0,0.335,0.722,-6.305,0.0656,108.966,10,4
FEARLESS,FEARLESS,LE SSERAFIM,296nXCOv97WJNRWzIBQnoj,2022-05-02,84,168437,0.863,0.0508,0.62,0.00324,0.129,0.432,-7.167,0.135,103.971,7,4
Desde Mis Ojos - Remix,Desde Mis Ojos (Remix),Chris Lebron,0hzC5kZ6qKZJ9ybyW75VV8,2022-05-12,79,223563,0.673,0.677,0.56,0.0,0.293,0.656,-5.191,0.182,93.978,1,4
Punk Tactics,Punk Tactics,Joey Valence,2KBYPTSTHjYYOPACrFTkPy,2022-04-15,71,143552,0.513,0.0159,0.974,0.0,0.0712,0.503,-1.113,0.508,195.767,1,4
Belly Dancer,Belly Dancer,Imanbek,7fZBQnc0zXwVybgCIrQQil,2022-02-18,85,151475,0.845,0.0582,0.797,5.57e-06,0.167,0.422,-4.984,0.139,121.985,1,4
Happy Ending (feat. Voice Impact & Yazik),Happy Ending (feat. Voice Impact & Yazik),Crystal Rock,2DufAlDkMT5qeTwTjVL0mo,2022-03-18,64,132755,0.72,0.167,0.68,1.25e-05,0.426,0.657,-7.157,0.275,126.955,1,4
Pepas,Pepas,Farruko,5fwSHlTEWpluwOM0Sxnh5k,2021-06-24,88,287120,0.762,0.00776,0.766,6.98e-05,0.128,0.442,-3.955,0.0343,130.001,7,4
Suavemente,Suavemente,Soolking,4KHXk0rTD80mEf7bbdK29j,2022-02-22,79,159357,0.865,0.284,0.682,0.00445,0.0422,0.508,-4.563,0.0548,140.052,7,4
21 Reasons (feat. Ella Henderson),21 Reasons (feat. Ella Henderson),Nathan Dawe,1RF02Cf80mTaeNXG2P2boR,2022-04-29,80,155253,0.621,0.0165,0.785,5.92e-06,0.0512,0.779,-4.499,0.11,123.96,6,4
Acapulco,Acapulco,Jason Derulo,3eJH2nAjvNXdmPfBkALiPZ,2021-09-03,82,139672,0.774,0.051,0.792,0.0,0.155,0.507,-4.021,0.0523,122.062,10,4
Manila,Manila,Ray Dalton,2hBkoDhuGk2AtSCprEFDFP,2021-10-15,75,144621,0.678,0.234,0.735,0.0,0.423,0.71,-5.996,0.0617,150.091,7,4
It Wasn't Me,It Wasn't Me,Tenchi,7fyJO1frnsizz23gTKgbdt,2022-04-22,66,178500,0.727,0.126,0.921,0.0,0.0942,0.508,-3.212,0.0462,120.049,11,4
Sunshine,Sunshine,OneRepublic,5r43qanLhUCdBj8HN3fa6B,2021-11-10,82,163854,0.697,0.137,0.875,0.0,0.28,0.774,-4.621,0.034,140.069,5,4
Questions,Questions,Lost Frequencies,1cgy2FSOQMbq7DHCVgMAUA,2022-06-03,73,177156,0.599,0.405,0.713,2.53e-05,0.266,0.518,-7.008,0.0542,123.962,11,4
Trompeta,Trompeta,Willy William,181AxLRTyYh9WUxEjmJt1Y,2022-02-18,60,168373,0.64,0.0152,0.863,0.088,0.301,0.36,-3.864,0.0321,128.042,7,4
Rain In Ibiza,Rain In Ibiza,Felix Jaehn,5u8Y0lAUlBLwuhpXSDUGf4,2022-02-25,75,141931,0.654,0.0844,0.898,0.0347,0.316,0.722,-5.964,0.0413,123.996,7,4
Remedy,Remedy,Leony,5JVA0t7r2Y7m9NaHmgaeiC,2022-01-14,76,147410,0.55,0.0561,0.75,0.0,0.129,0.381,-3.289,0.146,172.124,0,4
Brooklyn,Brooklyn,Glockenbach,6VcBDMF2ykm5HDcJMVLRZW,2021-10-08,73,182618,0.745,0.068,0.757,1.52e-06,0.334,0.558,-5.008,0.0459,123.991,10,4
A Contracorriente,A Contracorriente,Alvaro Soler,2XBzPGUfiHG9xBGBuuKHwk,2022-01-14,70,194824,0.73,0.117,0.743,0.0,0.234,0.964,-5.858,0.0381,95.023,5,4
Synchronize,Synchronize,Milky Chance,6Ql7rNuoP90aIdgwQkPYBP,2022-03-09,72,164576,0.728,0.00898,0.82,0.000216,0.176,0.652,-6.198,0.031,124.001,11,4
Clap Your Hands,Clap Your Hands,Kungs,7g7OshelYRRnOSEMmisJVI,2022-02-18,78,189880,0.878,0.0507,0.875,3.42e-05,0.356,0.84,-4.923,0.0658,124.006,1,4
Samba,Samba,YouNotUs,0skgJbXMM4sPRwSKXvO2id,2022-05-20,65,147818,0.772,0.0471,0.882,0.0,0.0742,0.523,-3.897,0.214,126.181,9,4
Where Did You Go?,Where Did You Go?,Jax Jones,26KOUSe9W0ZsTxMgNfbmq1,2022-01-26,10,177689,0.774,0.194,0.784,1.07e-05,0.293,0.533,-4.549,0.0351,127.042,10,4
Down Under - feat. Colin Hay,Down Under (feat. Colin Hay),Luude,2rCeodRGSEE9N1iHCBVbG2,2021-11-19,73,158774,0.308,0.012,0.853,0.000825,0.277,0.0387,-4.115,0.174,171.964,11,4
Alright (feat. KIDDO),Alright (feat. KIDDO),Alle Farben,1vUOJpWc091SBYULNvz9mp,2021-09-17,72,169000,0.593,0.0453,0.804,0.0,0.367,0.381,-7.217,0.0707,121.97,0,4
Shivers,Shivers,Ed Sheeran,75MNhvTCCKsST3YqqUiU9r,2021-09-13,79,207853,0.788,0.281,0.859,0.0,0.0424,0.822,-2.724,0.0856,141.02,2,4
Hurricane,Hurricane,Ofenbach,0iVkWge9ytV4Scgy2hQ2za,2021-09-17,75,147139,0.56,0.225,0.851,2.9e-06,0.177,0.461,-2.851,0.0486,125.947,2,4
In the Dark,In the Dark,Purple Disco Machine,2lGzRg9ccRTa2gllTvy2w7,2022-01-21,59,185564,0.694,0.0464,0.767,4.53e-05,0.0812,0.758,-5.532,0.049,115.933,6,4
I Believe,I Believe,KAMRAD,2CewvqbfMOcnvYE3yayAJV,2022-01-07,72,147007,0.711,0.124,0.681,0.0,0.262,0.775,-7.459,0.0263,118.021,10,4
Bam Bam (feat. Ed Sheeran),Bam Bam (feat. Ed Sheeran),Camila Cabello,0QBzMgT7NIeoCYy3sJCof1,2022-03-04,91,206070,0.756,0.182,0.697,0.0,0.333,0.956,-6.377,0.0401,94.996,8,4
Sunset in Dubai - DJ Antoine & Mad Mark 2k22 Mix,Sunset in Dubai (DJ Antoine & Mad Mark 2k22 Mix),DJ Antoine,2ebxZOaEetkEgteVzt8a0l,2022-03-25,62,150773,0.773,0.198,0.781,0.0,0.168,0.67,-6.166,0.0848,126.084,7,4
Sunroof,Sunroof,Nicky Youre,4h4QlmocP3IuwYEj2j14p8,2021-12-03,86,163025,0.768,0.352,0.714,0.0,0.15,0.842,-5.11,0.0401,131.443,10,4
Cold Heart - PNAU Remix,Cold Heart (PNAU Remix),Elton John,6zSpb8dQRaw0M1dK8PBwQz,2021-08-13,90,202735,0.796,0.034,0.798,4.19e-05,0.0952,0.942,-6.312,0.0317,116.032,1,4
We Could Be Together (feat. Daddy DJ),We Could Be Together (feat. Daddy DJ),Gabry Ponte,3ElGRG3DqSzzkh1b2wnbzf,2022-06-03,63,149642,0.706,0.198,0.778,1.06e-05,0.0778,0.376,-4.491,0.0606,125.893,10,4
My Pony,My Pony,R3HAB,3cDfo3bJzLgBTQ5ccL8VUp,2022-04-08,67,153414,0.592,0.227,0.818,2.86e-05,0.228,0.808,-4.823,0.32,122.597,6,4
YOU,YOU,Phil The Beat,6cVNYlO75XZ3UZnglTF6WI,2022-05-13,60,132500,0.777,0.208,0.605,0.00199,0.361,0.892,-6.785,0.0381,120.948,1,4
Crazy What Love Can Do,Crazy What Love Can Do,David Guetta,1WCEAGGRD066z2Q89ObXTq,2022-04-08,85,169756,0.601,0.0282,0.713,0.0,0.158,0.464,-3.758,0.0449,122.872,4,4
So Sick,So Sick,Jubël,2M4MsNop9n0G9HLskcv0k8,2022-04-01,67,177634,0.575,0.294,0.75,0.0,0.138,0.298,-6.636,0.0589,99.86,3,4
Stay the Night,Stay the Night,Sigala,4qtdkdTY1t3RmlmSbWykzR,2022-05-20,73,171954,0.636,0.177,0.936,0.0,0.0879,0.415,-2.65,0.0729,124.034,7,4
Solo Para Ti,Solo Para Ti,Alvaro Soler,2uAgZ0PelSImQe3BME9CiT,2022-04-22,68,198106,0.721,0.146,0.806,0.000319,0.341,0.753,-6.279,0.0549,120.038,5,4
Sigue,Sigue/Forever My Love,J Balvin,0bBd6K5X4W7t9GyXcaVOA7,2022-03-25,81,159386,0.889,0.0515,0.641,2.75e-05,0.19,0.588,-4.494,0.0668,87.99,7,4
Who's Holding You,Who's Holding You,VIZE,178FGfovpsV8izHRwIDHwa,2022-05-27,56,161478,0.767,0.174,0.815,0.0,0.0833,0.848,-3.84,0.0575,122.051,8,4
One Day,One Day,Martin Jensen,1MDEvpaFk2Ins7N8hGfFlA,2022-04-22,66,152990,0.605,0.204,0.834,0.0,0.214,0.503,-5.879,0.286,126.277,8,4
Dancing Feet (feat. DNCE),Dancing Feet (feat. DNCE),Kygo,4RAR8g8fZNB106ezUurnE0,2022-02-25,81,215203,0.75,0.293,0.797,0.0,0.392,0.523,-4.826,0.118,105.949,0,4
Ferrari,Ferrari,James Hype,5xKJI9aPQhuTdTq8BrJ8fL,2022-03-15,56,185661,0.844,0.0129,0.688,5.39e-05,0.0492,0.695,-7.879,0.049,124.992,1,4
The Motto,The Motto,Tiësto,18asYwWugKjjsihZ0YvRxO,2021-11-04,90,164818,0.754,0.0301,0.763,2.23e-05,0.0901,0.464,-4.627,0.0435,117.953,7,4
Big Energy (feat. DJ Khaled) - Remix,Big Energy (feat. DJ Khaled) [Remix],Latto,4nmD4awtUUCC4AGETpUiuP,2022-03-31,74,181665,0.867,0.0385,0.771,0.0,0.133,0.715,-3.688,0.0939,106.021,11,4
On Repeat,On Repeat,Robin Schulz,4xbXuRfZ2ZLktw5QEdGYnX,2022-05-06,74,190217,0.609,0.0246,0.801,0.00255,0.37,0.202,-8.483,0.0694,122.958,1,4
No Wahala,Original Vibe Machine,1da Banton,4vHy2IHzf3EabEa7oMpUZB,2021-07-23,74,162285,0.808,0.621,0.639,0.0281,0.231,0.612,-7.244,0.147,105.016,11,4
Mujeriego,Mujeriego,Ryan Castro,78kygHp1dvW1kncYjBgbe1,2021-12-17,83,142500,0.758,0.0628,0.621,0.0,0.0809,0.92,-8.033,0.125,79.949,9,4
Let It Rain Down (feat. PollyAnna),Let It Rain Down (feat. PollyAnna),Alle Farben,2thqF2hKNMubZksfpRvuNF,2022-05-27,61,158704,0.739,0.0306,0.853,0.0,0.102,0.344,-4.184,0.0629,124.921,8,4
Cool for the Summer,Confident,Demi Lovato,3uwnnTQcHM1rDqSfA4gQNz,2015-01-01,85,214739,0.583,0.00425,0.61,0.000105,0.14,0.336,-5.639,0.0382,114.06,5,4
Baby Steps,Baby Steps,David Puentez,2omzZ5Edn2sMpQxvARgbwj,2022-01-21,67,143906,0.806,0.159,0.705,0.0,0.486,0.626,-5.972,0.077,127.973,11,4
Perfect Melody,Perfect Melody,Jonas Blue,17XwUcwd6SmoypiA3tIwHH,2022-05-27,67,159850,0.815,0.104,0.771,0.0027,0.067,0.546,-6.052,0.0392,117.941,8,4
Ojitos Lindos,Un Verano Sin Ti,Bad Bunny,3k3NWokhRRkEPhCzPmV8TW,2022-05-06,97,258298,0.647,0.08,0.686,1.34e-06,0.528,0.268,-5.745,0.0413,79.928,3,4
Sleepless,Sleepless,AVAION,75HBVc7kJLjC2LlPc4ScfH,2022-05-27,67,165263,0.673,0.372,0.595,0.37,0.077,0.186,-11.333,0.0393,121.982,7,4
Music Sounds Better with You,Music Sounds Better with You,Alle Farben,4dyOvJWxQxq0eYN98gxh3a,2022-04-08,58,130175,0.724,0.156,0.912,0.00404,0.0854,0.49,-4.536,0.125,126.045,10,4
Do It Better (feat. Zoe Wees),Do It Better (feat. Zoe Wees),Felix Jaehn,1kwHrBWAlucOE57lWugotk,2022-05-27,73,170045,0.677,0.0818,0.804,1.92e-05,0.158,0.41,-5.337,0.0677,122.111,1,4
I Just Called,I Just Called,NEIKED,0H8Tclo4x4kbZruQtZFNSX,2022-05-27,74,150560,0.626,0.0732,0.849,0.0,0.593,0.898,-3.662,0.123,138.997,7,4
Light Switch,Light Switch,Charlie Puth,1BSMpVGWs3v5BZKnAQziAc,2022-01-20,86,185680,0.69,0.105,0.626,0.000335,0.0881,0.912,-5.693,0.306,184.009,6,4
MAMIII,MAMIII,Becky G,1ri9ZUkBJVFUdgwzCnfcYs,2022-02-10,91,226088,0.843,0.0934,0.7,0.0,0.14,0.899,-3.563,0.0803,93.991,4,4
Ameno Amapiano Remix (You Wanna Bamba),Ameno Amapiano Remix (You Wanna Bamba),Goya Menor,4iwiYqzoLImJraKQ9Pf2I2,2022-01-07,71,227100,0.807,0.188,0.898,0.000395,0.0824,0.743,-5.837,0.0393,112.998,6,4
I Ain't Worried,"I Ain’t Worried (Music From The Motion Picture ""Top Gun: Maverick"")",OneRepublic,4h9wh7iOZ0GGn8QVp4RAOB,2022-05-13,81,148485,0.704,0.0826,0.797,0.000745,0.0546,0.825,-5.927,0.0475,139.994,0,4
Ghost,This Too Shall Last,Kelvin Jones,0NE5S84TrFAf22XCzd4dxb,2022-05-06,56,160946,0.693,0.36,0.629,5.67e-05,0.18,0.774,-7.027,0.106,108.969,0,4
Potion (with Dua Lipa & Young Thug),Potion (with Dua Lipa & Young Thug),Calvin Harris,7fYRg3CEbk6rNCuzNzMT06,2022-05-27,87,214459,0.824,0.158,0.697,4.11e-05,0.077,0.757,-4.869,0.0473,99.988,11,4
Buga (Lo Lo Lo),Buga (Lo Lo Lo),Kizz Daniel,4eZZofkV1OQ9GDqAgHqNpA,2022-05-03,72,183103,0.92,0.296,0.716,0.00222,0.104,0.961,-7.104,0.105,115.991,8,4
SloMo,SloMo,Chanel,3XREkzDHsWdBL5tybyCDBH,2021-12-24,80,176285,0.728,0.125,0.814,0.00448,0.0927,0.594,-3.29,0.0571,104.962,1,4
Slidin' (feat. Kodak Black),Slidin' (feat. Kodak Black),Jason Derulo,173ff06by7Ujur3An4cHWf,2022-05-19,72,156300,0.695,0.106,0.884,0.0,0.134,0.803,-1.953,0.172,100.088,11,4
Maria,Maria,CKay,6kHUFs2zhLn9XU95U3UTyX,2022-05-20,62,153560,0.524,0.491,0.593,0.0,0.124,0.383,-6.164,0.0403,95.956,10,4
Let It Rain Down (feat. PollyAnna),Let It Rain Down (feat. PollyAnna),Alle Farben,2thqF2hKNMubZksfpRvuNF,2022-05-27,61,158704,0.739,0.0306,0.853,0.0,0.102,0.344,-4.184,0.0629,124.921,8,4
Ghost,Ghost,Mausio,4iOLwi1tZBCwBzvYE9EGr0,2022-05-27,47,185510,0.667,0.0189,0.809,1.52e-05,0.128,0.52,-5.744,0.0542,98.056,2,4
Crazy What Love Can Do,Crazy What Love Can Do,David Guetta,1WCEAGGRD066z2Q89ObXTq,2022-04-08,85,169756,0.601,0.0282,0.713,0.0,0.158,0.464,-3.758,0.0449,122.872,4,4
Feel My Love (feat. Joe Taylor),Feel My Love (feat. Joe Taylor),Lucas & Steve,3pquutv1kWficJdou7ywag,2022-06-10,46,172820,0.562,0.024,0.868,1.55e-05,0.123,0.472,-4.402,0.0644,124.979,2,4
We Could Be Together (feat. Daddy DJ),We Could Be Together (feat. Daddy DJ),Gabry Ponte,3ElGRG3DqSzzkh1b2wnbzf,2022-06-03,63,149642,0.706,0.198,0.778,1.06e-05,0.0778,0.376,-4.491,0.0606,125.893,10,4
Maybe You’re The Problem,Maybe You’re The Problem,Ava Max,0sb8ClU3CLoNblxkpmOKzA,2022-04-28,81,190318,0.53,0.0453,0.835,0.0,0.0637,0.471,-3.69,0.11,166.02,9,4
Grrrls,Grrrls,Lizzo,7Mto5DGHzHXzF1hpsMRtYK,2022-06-10,61,120300,0.889,0.0359,0.446,0.0,0.0449,0.857,-7.82,0.304,137.926,0,4
Running Up That Hill (A Deal With God),Hounds Of Love,Kate Bush,75FEaRjZTKLhTrFGsfMUXR,1985,92,298933,0.629,0.72,0.547,0.00314,0.0604,0.197,-13.123,0.055,108.375,10,4
Glitter and Gold,Glitter and Gold,Imen Siar,0ix31FoUf7QqXeGtHZgyvc,2022-06-10,18,176000,0.493,0.0168,0.695,0.0307,0.303,0.499,-6.636,0.256,179.858,7,3
One Life,= (Tour Edition),Ed Sheeran,4Y1fcCtUz0Gt1HYwrjVpd6,2022-05-27,56,231546,0.573,0.114,0.593,2.65e-06,0.122,0.425,-7.225,0.0299,159.978,6,4
Slidin' (feat. Kodak Black),Slidin' (feat. Kodak Black),Jason Derulo,173ff06by7Ujur3An4cHWf,2022-05-19,72,156300,0.695,0.106,0.884,0.0,0.134,0.803,-1.953,0.172,100.088,11,4
G Love (feat. Nippa),G Love (feat. Nippa),Craig David,7soiVKuzcPN27yw54lQ6f9,2022-06-10,42,187066,0.636,0.0497,0.783,0.0,0.114,0.518,-4.404,0.121,94.898,11,4
The Motto,The Motto,Tiësto,18asYwWugKjjsihZ0YvRxO,2021-11-04,90,164818,0.754,0.0301,0.763,2.23e-05,0.0901,0.464,-4.627,0.0435,117.953,7,4
Halo (feat. PIA MARIA),Halo (feat. PIA MARIA),LUM!X,6WVHfpzYW3HooQaCC80opC,2022-03-11,72,159600,0.568,0.0017,0.91,0.0,0.528,0.691,-5.172,0.0371,149.913,8,4
Acapulco,Acapulco,Jason Derulo,3eJH2nAjvNXdmPfBkALiPZ,2021-09-03,82,139672,0.774,0.051,0.792,0.0,0.155,0.507,-4.021,0.0523,122.062,10,4
Fresh Prince of the EastSide,Fresh Prince of the EastSide,Kenndog,4ua7NyODHllECt0KnSho4A,2022-06-03,29,149172,0.581,0.0169,0.665,0.0,0.292,0.395,-9.966,0.361,100.969,1,4
2step (feat. reezy),2step (feat. reezy),Ed Sheeran,0V2vGkDeByL2FU5f9jw80X,2022-05-18,58,153334,0.734,0.179,0.68,0.0,0.169,0.499,-5.096,0.058,95.06,4,4
Move Your Body,Move Your Body,Öwnboss,6GomT970rCOkKAyyrwJeZi,2021-10-29,84,157444,0.848,0.0169,0.821,0.000403,0.0962,0.249,-5.408,0.0527,125.051,2,4
Frozen On Fire,Frozen On Fire,Madonna,7MfRwjpGwlZpxOvKiMlf1m,2022-05-19,61,192000,0.714,0.175,0.652,0.00373,0.154,0.215,-6.941,0.0484,109.952,5,4
SPACE MAN,SPACE MAN,Sam Ryder,3nhGk6VnrDHy67pXvMhdPa,2022-02-22,79,217320,0.467,0.181,0.828,0.0,0.102,0.334,-2.22,0.0489,79.978,11,4
Catalonia,In Our Own Sweet Time,Vance Joy,5zs2czX5d8B0zuQB7jiFct,2022-06-10,55,218306,0.399,0.32,0.801,0.0,0.308,0.696,-4.638,0.0544,199.792,4,4
Where the Sidewalk Ends,Where the Sidewalk Ends,Garrett Nash,7y93FcIlQj9c6xVHfKX3sA,2022-06-10,30,164262,0.847,0.704,0.346,0.0,0.128,0.687,-11.778,0.444,122.028,6,4
Viva Las Vengeance,Viva Las Vengeance,Panic! At The Disco,2XRh87n9CQoWkWW94H3Min,2022-06-01,74,206580,0.211,1.25e-05,0.821,0.0329,0.104,0.371,-5.423,0.0732,153.742,9,4
Bad Idea,Bad Idea,Loi,62oxmZdzHnTB9Mc6Qq6NgV,2022-05-27,54,143129,0.684,0.0661,0.785,0.0,0.325,0.187,-4.601,0.104,139.846,5,4
Vorbye,Vorbye,SHARI,6aM4tExm4eiZ80rndX0Txq,2022-06-03,43,155825,0.757,0.0782,0.769,0.00322,0.0864,0.366,-5.976,0.0695,127.904,6,4
Misfit,Misfit,SkinnyJewlz,5eGId4Oxe4NZsVeCjjsFYw,2022-06-10,26,165106,0.787,0.00884,0.676,0.0,0.103,0.496,-7.673,0.125,94.441,2,4
About Damn Time,About Damn Time,Lizzo,1PckUlxKqWQs3RlWXVBLw3,2022-04-14,94,191822,0.836,0.0995,0.743,0.0,0.335,0.722,-6.305,0.0656,108.966,10,4
La Di Die,Dark Pop,Various Artists,6BHcZTUilj2sfbCtplnGf3,2021-07-30,36,195191,0.484,0.0036,0.643,0.0,0.243,0.345,-4.72,0.0416,163.97,1,4
First Class,First Class,Jack Harlow,1rDQ4oMwGJI7B4tovsBOxc,2022-04-08,94,173947,0.905,0.0254,0.563,9.71e-06,0.113,0.324,-6.135,0.102,106.998,8,4
Superglue,Superglue,Mia Rodriguez,7gF16AbvFNPRXgmuXtevuU,2022-06-10,31,127099,0.79,0.45,0.553,1.5e-06,0.0758,0.36,-6.946,0.0364,109.967,11,4
As It Was,As It Was,Harry Styles,4LRPiXqCikLlN15c3yImP7,2022-03-31,100,167303,0.52,0.342,0.731,0.00101,0.311,0.662,-5.338,0.0557,173.93,6,4
YOU,YOU,Phil The Beat,6cVNYlO75XZ3UZnglTF6WI,2022-05-13,60,132500,0.777,0.208,0.605,0.00199,0.361,0.892,-6.785,0.0381,120.948,1,4
SCARS,SCARS,Chico Rose,2WuYnh05YeOU3LQ9ayWOVh,2022-06-10,36,162899,0.769,0.0634,0.791,6.39e-05,0.0756,0.427,-4.819,0.0727,124.049,8,4
Better,Better,Sonny Fodera,4ljGFqApJVMvkkhnVezg4K,2022-06-10,48,213298,0.593,0.000429,0.857,0.143,0.192,0.313,-7.088,0.046,123.993,2,4
21 Reasons (feat. Ella Henderson),21 Reasons (feat. Ella Henderson),Nathan Dawe,1RF02Cf80mTaeNXG2P2boR,2022-04-29,80,155253,0.621,0.0165,0.785,5.92e-06,0.0512,0.779,-4.499,0.11,123.96,6,4
Belly Dancer,Belly Dancer,Imanbek,7fZBQnc0zXwVybgCIrQQil,2022-02-18,85,151475,0.845,0.0582,0.797,5.57e-06,0.167,0.422,-4.984,0.139,121.985,1,4
Take Me Back,Take Me Back,MAGNUS,4P6e3iqmYaftDiFlzyjE1k,2022-05-27,37,249756,0.597,0.15,0.845,0.206,0.14,0.065,-8.608,0.036,123.045,11,4
We Are Tonight,We Are Tonight,Pulsedriver,6LYSM1J4sSu68K0c2gj8e4,2021-06-11,56,143000,0.685,0.02,0.89,4.54e-05,0.16,0.745,-4.628,0.0908,127.992,11,4
Voices in My Head,Voices in My Head,Rammor,1FmGZd1PWEqq7KwJKKbFVz,2022-05-20,56,145400,0.703,0.117,0.677,1.13e-06,0.211,0.545,-6.589,0.0353,121.992,9,4
I Know U Know,I Know U Know,PIA MARIA,2EFNCr1kRsyLmryWA3M8xF,2022-06-03,44,181376,0.826,0.614,0.474,4.08e-06,0.153,0.47,-7.772,0.0421,108.958,4,4
Turn The Lights Down Low (with R3HAB),Turn The Lights Down Low (with R3HAB),Timmy Trumpet,6k330QxFV5VXZSDj5wTUNR,2022-05-13,66,140000,0.585,0.00741,0.866,0.000947,0.496,0.143,-4.32,0.0477,150.014,11,4
Scars,Scars,JC Stewart,54u5CIDhcd3zBXi62gnFwA,2022-05-27,54,198794,0.572,0.0401,0.683,0.0,0.226,0.481,-3.859,0.0521,179.952,1,4
tahos,tahos,IMMI,7HZUQ5ZEQq5NU5Rghgsoi2,2022-06-03,55,139500,0.67,0.0958,0.689,5.83e-05,0.109,0.343,-7.744,0.159,174.834,6,4
Poppin,Poppin,TASHAN,49U5LUVeM6toqS2lxfbqJe,2022-06-03,35,152307,0.929,0.0386,0.727,4.03e-05,0.0529,0.372,-4.666,0.0785,104.047,2,4
Salt,Salt,Sueco,6zYuVQdkZNbeqx5UMmoAOH,2022-05-27,65,165238,0.651,0.724,0.332,5.69e-06,0.1,0.189,-9.734,0.0324,125.912,7,4
Me Because of You,Me Because of You,The Faim,2li1j5CmmePS7AQvTQ79Ub,2022-05-27,48,191826,0.704,0.0386,0.627,0.0,0.0359,0.77,-6.359,0.0581,105.986,8,4
The Loneliest Girl In The World,The Loneliest Girl In The World,PG Roxette,4KllPRafNDAYc3c3UHzj0u,2022-06-03,45,181133,0.662,2.14e-05,0.702,0.0369,0.0599,0.81,-7.99,0.0275,130.025,2,4
Verrate deine Freunde,Verrate deine Freunde,Provinz,3AgF2HDVpiqbfAOXhzt6iv,2022-04-08,59,183719,0.827,0.0895,0.624,0.0,0.731,0.636,-6.425,0.0607,127.969,8,4
2step (feat. Lil Baby),2step (feat. Lil Baby),Ed Sheeran,2UN0lp72LAusrXi8LLVomt,2022-04-22,82,163449,0.693,0.138,0.643,0.0,0.108,0.477,-5.867,0.0828,95.055,4,4
On Repeat,On Repeat,Robin Schulz,4xbXuRfZ2ZLktw5QEdGYnX,2022-05-06,74,190217,0.609,0.0246,0.801,0.00255,0.37,0.202,-8.483,0.0694,122.958,1,4
I Just Called,I Just Called,NEIKED,0H8Tclo4x4kbZruQtZFNSX,2022-05-27,74,150560,0.626,0.0732,0.849,0.0,0.593,0.898,-3.662,0.123,138.997,7,4
Last Last,Last Last,Burna Boy,2PDgArI0p7UkeYgXWuqpmh,2022-05-12,77,172342,0.795,0.131,0.565,0.0,0.0802,0.55,-4.457,0.0948,87.925,3,4
NAILS,NAILS,Noga Erez,67qVRmg2JynkOZ5olduLAd,2022-05-25,51,171750,0.824,0.102,0.591,2.22e-05,0.0686,0.749,-7.356,0.219,79.821,10,4
Sway - Sped Up Version,Sway (Sped Up Version),Michael Bublé,3P4Lsg2MNqG8XLXZJUo4GT,2022-05-13,69,147135,0.608,0.73,0.671,1.88e-06,0.0849,0.872,-5.643,0.0422,161.768,2,4
abcdefu,abcdefu,GAYLE,4fouWK6XVHhzl78KzQ1UjL,2021-08-13,91,168601,0.695,0.299,0.54,0.0,0.367,0.415,-5.692,0.0493,121.932,4,4
Sorgenfrei,Sorgenfrei,SkinnyJewlz,2juZFQrxvxJwbWngzlKjam,2022-04-29,44,182586,0.668,0.0261,0.676,2.2e-06,0.0736,0.558,-6.969,0.0632,179.996,5,4
BERETTA,BERETTA,Farid Bang,5T8d11vkU2b3bIRSMIBrCC,2022-06-03,70,212006,0.694,0.0474,0.64,2.77e-06,0.39,0.195,-6.0,0.127,89.964,2,4
Starting Over Now,High Hopes / Low Expectations,Two Year Vacation,3SLOvJLba3QxjgJ6JIjUKZ,2022-05-20,34,248988,0.657,0.292,0.706,1.08e-06,0.119,0.739,-5.11,0.0722,96.373,0,4
2001,2001,Foals,6FtfZdMiuUX3CdGMhAZmlJ,2022-05-19,63,266614,0.684,0.00836,0.813,0.0392,0.0634,0.79,-4.562,0.0442,123.038,0,4
Next Generation,Next Generation,SVRCINA,2jIA0HZ4SyyZdaFPrhfWZ6,2022-05-27,38,168583,0.625,0.0735,0.757,0.0,0.0815,0.346,-7.409,0.0304,94.015,0,4
Dua Lipa,Come Home The Kids Miss You,Jack Harlow,0LnS7aOdOdI1dNKZqdOLz4,2022-05-06,86,135053,0.833,0.00161,0.652,0.0985,0.106,0.405,-6.942,0.0762,158.022,11,4
House of Memories,Death of a Bachelor,Panic! At The Disco,2DgdHcjWmO3qd50RzuBLgZ,2016-01-15,88,208706,0.506,0.00272,0.817,0.0,0.0486,0.506,-5.051,0.0335,109.952,11,4
Cate’s Brother,Cate’s Brother,Maisie Peters,7uHJpostAYqNJ8nZM1tp78,2022-05-06,68,180589,0.735,0.0114,0.648,0.000213,0.309,0.395,-4.523,0.0334,97.985,1,4
Pulverfass,VIER EINHALB,Max Giesinger,6Cl4IxBgvVRA8f1QZR6VIk,2022-05-20,48,166640,0.688,0.115,0.672,0.0,0.133,0.51,-6.123,0.0522,113.983,0,4
Spring,Spring,Provinz,0a1nFiRZ533UDvdEkWRTYA,2022-05-13,61,217541,0.732,0.543,0.386,0.0,0.0829,0.154,-9.32,0.0786,110.261,4,4
Hold Me Closer,Hold Me Closer,Cornelia Jakobs,697bFWgzBRm6bmnYWd8GyD,2022-02-26,77,199426,0.489,0.107,0.616,0.0,0.145,0.168,-7.599,0.0382,96.819,6,4
Me Myself & I,Me Myself & I,5 Seconds of Summer,0C9aH2f4LO8SPPqUWOrcbk,2022-05-11,75,177879,0.575,0.0303,0.556,0.0,0.0903,0.44,-5.107,0.0283,87.991,4,4
Through The Echoes,Through The Echoes / Lose It,Paolo Nutini,13KhcUWu9WucFw0h5jB88R,2022-05-11,69,221245,0.73,0.285,0.487,3.49e-05,0.135,0.314,-7.679,0.0399,104.933,7,4
Beg For You (feat. Rina Sawayama),CRASH,Charli XCX,11M8c9SHQYpd8DOrmcu25k,2022-03-18,66,168053,0.788,0.223,0.945,2.97e-06,0.115,0.466,-5.091,0.0599,128.036,9,4
About Damn Time - Purple Disco Machine Extended Remix,About Damn Time (Purple Disco Machine Remix),Lizzo,6TJQpJo4VUsc6brmNG5gMH,2022-05-18,48,331221,0.834,0.0331,0.7,1.04e-05,0.35,0.892,-7.217,0.0867,118.991,10,4
So Sick,So Sick,Jubël,2M4MsNop9n0G9HLskcv0k8,2022-04-01,67,177634,0.575,0.294,0.75,0.0,0.138,0.298,-6.636,0.0589,99.86,3,4
Wer war nochmal Anika? (feat. David Jakobs & Ku'damm 56 Cast),Ku'damm 56: Das Musical,Peter Plate,3p19VGXWx8NtDXZr3TahoC,2021-09-10,32,131413,0.543,0.0711,0.942,0.0,0.353,0.966,-4.228,0.0434,76.991,2,4
Pacify Her,Cry Baby (Deluxe Edition),Melanie Martinez,360Wr96ywrCQq4kTAJ8Pq6,2015-08-14,82,220013,0.576,0.0467,0.593,0.000767,0.237,0.373,-6.024,0.0306,157.993,9,4
The Best Part of Life (Imanbek Remix),The Best Part of Life (Imanbek Remix),SAINt JHN,6OboXrS1zbfCmh7uDFCIQ5,2022-05-06,68,198979,0.759,0.00571,0.9,5.13e-05,0.294,0.389,-1.999,0.0419,127.999,1,4
Sometimes,Sometimes,Slopes,5u3Fi9s9PNoYu6AKIiNrzM,2022-05-06,34,179000,0.629,0.143,0.776,2.02e-05,0.0975,0.577,-6.837,0.0536,87.053,1,4
Work of Art,Work of Art,Lisa Pac,65mvMMYQgJetzR6D3VwMR6,2022-04-22,39,154300,0.706,0.424,0.78,0.000302,0.141,0.545,-5.15,0.0388,99.921,8,4
Burnout,Burnout,Malou,2pcwqKjqNOAOwZMWrRBrsE,2022-04-15,40,165495,0.653,0.189,0.609,3.22e-05,0.172,0.375,-6.856,0.0551,77.061,8,4
Throw a Lil Mo (Do It),Throw a Lil Mo (Do It),Erica Banks,0HpTJLSmajsmpPqbgtB5l4,2022-05-20,37,125760,0.975,0.00386,0.499,0.0,0.0973,0.726,-7.315,0.242,124.947,1,4
We Made It,We Made It,t-low,5IQvs70wHdurk63TnCV6ZP,2022-04-22,79,211826,0.782,0.585,0.711,8.26e-06,0.26,0.771,-5.383,0.0558,116.049,5,4
Don’t Forget My Love,Don’t Forget My Love,Diplo,64Ho5b12wrKEoA53f3vpad,2022-02-11,45,199090,0.639,0.0237,0.873,0.0143,0.119,0.258,-6.222,0.0408,121.031,2,4
Filtré,Filtré,Timal,58PwCUkHNkODqp2tCehNSP,2022-02-10,72,168877,0.854,0.122,0.867,1.53e-06,0.131,0.787,-3.63,0.0534,129.989,6,4
Balader,Sans visa,Soolking,6PrB4KpvuoYWtwjPC5a44S,2022-05-26,66,176120,0.603,0.306,0.802,5.06e-05,0.124,0.787,-5.089,0.111,130.121,4,4
Doudou,Cartel : volume 1 & 2,Koba LaD,1cgRpYVOkYnxomkDpYLyba,2021-12-09,73,181466,0.837,0.37,0.615,1.29e-05,0.0914,0.858,-5.274,0.0762,130.062,6,4
Laisse tomber,Racines,ISK,2I09PaS6In9XUCrREVo4C6,2022-06-02,57,191995,0.842,0.142,0.683,0.0,0.0668,0.758,-6.768,0.26,129.969,6,4
Chic choc,VOL 169 ATTERRISSAGE,Bolémvn,1mPommdCgPxwWW1pkoUkes,2022-03-31,61,191418,0.75,0.321,0.501,0.0,0.113,0.731,-7.819,0.386,141.992,11,4
Suavemente,Suavemente,Soolking,4KHXk0rTD80mEf7bbdK29j,2022-02-22,79,159357,0.865,0.284,0.682,0.00445,0.0422,0.508,-4.563,0.0548,140.052,7,4
RENCONTRE,L’Amour,Disiz,2toEys3zZ8rRB242Na7FZh,2022-03-17,76,198396,0.62,0.521,0.458,0.0,0.11,0.518,-10.557,0.269,125.132,2,4
CANADA,ARRÊTEZ-LE ! (Vol.2),1PLIKÉ140,6sutxiq0dIw77z0rCB3Ekk,2022-01-06,71,179386,0.817,0.553,0.51,1.03e-05,0.104,0.59,-7.306,0.382,156.085,1,4
Passat,OCHO (Deluxe),SDM,5yHoANSze7sGzhn9MUarH3,2021-12-09,70,203133,0.665,0.749,0.54,0.0,0.109,0.437,-8.373,0.129,139.978,1,4
AMARU,Sea Dweller,Dinos,5ymYY65E7II6wmpDlE8162,2022-05-24,63,154320,0.886,0.168,0.464,0.00107,0.0776,0.417,-8.947,0.0794,108.015,7,4
TOUT VA BIEN (feat. Ninho & Naps),QUARTIERS NORD,Alonzo,6OZwia8loN0aPS0vTvsBjR,2022-05-20,80,192960,0.66,0.301,0.72,0.0,0.226,0.628,-5.874,0.0753,99.937,3,4
Dégaine (feat. Damso),Dégaine (feat. Damso),Aya Nakamura,5cqLFudVQryezmVFmmyRJN,2022-03-09,77,210958,0.618,0.181,0.698,0.0,0.154,0.784,-5.362,0.272,178.143,10,4
La route,CNLPG,Coyote Jo Bastard,6d75js67BjMksVCXlztMFv,2022-05-19,44,185403,0.708,0.33,0.726,0.0,0.144,0.601,-4.315,0.0443,136.099,0,4
Mode AV (feat. Niska & Gazo),Mélo,Tiakola,5b8HD1dJDuPawgS5FjSC2q,2022-05-27,69,192920,0.684,0.352,0.538,0.000144,0.194,0.788,-8.189,0.038,144.005,10,4
Pas à ma place,Montagnes Russes,Lujipeka,1zNGngJpT00C7fMRTwcJhQ,2021-11-05,63,175253,0.689,0.312,0.641,0.0,0.0641,0.509,-7.133,0.103,149.072,8,4
La 15 (GSXR),La 15 (GSXR),Timal,5KANzscJcnk2n4CvtTOiZU,2022-05-19,63,170078,0.636,0.23,0.673,4.52e-06,0.15,0.358,-6.531,0.149,190.526,2,4
CELINE 3X,CELINE 3X,Gazo,2APwDsIavDeJRJFcz6s8Ow,2022-05-11,75,158223,0.664,0.152,0.846,0.0,0.0702,0.591,-7.165,0.375,138.938,9,4
NEYMAR JR,NOSTALGIA+,Green Montana,3ejRaW9IZCWkr15JN2OpQO,2022-04-14,66,165293,0.767,0.285,0.549,0.0,0.268,0.83,-7.721,0.0635,142.971,0,4
Safari,Cullinan,Dadju,2G5hkJ7f7oAbqAa3GM9GNK,2022-05-12,57,229399,0.741,0.195,0.631,0.0,0.0976,0.744,-6.487,0.0508,98.022,0,4
Tuta Lacoste (feat. Timal),PROVINCIALE,Rhove,5EqtRjjXWq4sxL3c6PDK8q,2022-06-09,53,208587,0.826,0.221,0.873,0.0,0.107,0.536,-5.08,0.246,139.923,1,4
Va jober (feat. SCH),A l'aube,Soso Maness,5EpyDbNv0XpkJKJFy4nQgY,2022-06-10,48,174000,0.834,0.45,0.739,0.0,0.136,0.558,-7.314,0.337,97.934,1,4
Picsou,Picsou,Dadju,0znMIaioz6kasm6yJ8nylG,2022-03-31,60,185162,0.709,0.259,0.586,0.0,0.12,0.813,-7.323,0.156,148.009,2,4
Ça tourne dans ma tête,Ça tourne dans ma tête,Jul,1ke8UEb9HtosHBmSlBnSRv,2022-05-06,70,208560,0.901,0.657,0.865,0.00164,0.122,0.871,-4.986,0.0398,131.933,3,4
Yeye,History (Mojotrône II),Didi B,07cCbyVW7g18Wu512KLwHf,2022-05-31,47,151578,0.702,0.126,0.69,0.0,0.196,0.394,-5.678,0.0908,133.016,4,4
La Maxance,La Maxance,Naps,6yP8ZNACztmI2UfAfw9sQO,2022-05-17,66,151840,0.93,0.195,0.707,0.0,0.128,0.966,-7.355,0.0686,140.036,7,4
Gâchette,Gâchette,SDM,0rjKTXFvdFgAZ4dEG4AryJ,2022-06-02,59,158600,0.792,0.199,0.638,0.0,0.571,0.58,-6.77,0.312,121.091,1,4
On a l'habitude (Ok Many),On a l'habitude (Ok Many),Vegedream,7tg0t16KU1WB7TOMoQ528Y,2022-02-24,59,170483,0.86,0.0457,0.742,1.07e-06,0.0848,0.719,-3.627,0.125,126.09,5,4
"Karma - From ""Fils De""","Karma (From ""Fils De"")",Kobo,0JKrN2nMWCyc4zD1NAoOpg,2022-06-09,26,172240,0.793,0.493,0.596,0.0,0.114,0.603,-7.87,0.0643,136.968,2,4
44,Le monde est méchant,Niska,2kg6gav2Y7ceVoZ0s5l3Zz,2021-11-04,62,167613,0.771,0.322,0.689,0.0,0.222,0.79,-4.352,0.292,142.068,5,4
10 12 14 bureau,R.A.S,Kalash Criminel,4G3y5VcT4fAMIVjTtce7s7,2016-10-28,55,204133,0.892,0.202,0.539,0.0,0.106,0.226,-6.617,0.415,123.031,11,4
VEHICULE ALLEMAND,NOSTALGIA+,Green Montana,1vHEnzW9jNChrVLgnSnCFD,2022-04-14,52,126786,0.695,0.624,0.401,0.00296,0.121,0.338,-10.551,0.117,100.969,5,4
Papier rose,Blow,100 Blaze,1aRvYNhG8UWZoKOacSjkfJ,2022-04-12,49,171696,0.823,0.254,0.713,0.0,0.101,0.695,-7.808,0.217,116.051,3,4
Canana,VAL DE RAP,VAL DE RAP,7Dmr6P58aM0VoaOAubMXLB,2022-06-10,28,157866,0.503,0.344,0.462,0.0,0.375,0.459,-11.022,0.0992,128.004,5,3
Bébé Na Bébé (feat. Leto),Bébé Na Bébé (feat. Leto),Chily,0pcZABw9V2lZHSvmQA6zmd,2022-05-06,59,172519,0.821,0.109,0.696,0.0,0.123,0.675,-4.692,0.134,135.034,2,4
C'est quoi le boulot,La Boîte de Pandore,Vegedream,20tbggYegKwvYI9gEmJ9sM,2022-04-28,61,201710,0.866,0.0644,0.738,0.0,0.0602,0.825,-5.872,0.0962,108.049,10,4
.FUMEE.ÉPAISSE.,ANAGENESE,Kobo,3ito6F0uTgkWADZNtoPji2,2022-04-28,47,175411,0.801,0.0288,0.656,0.00742,0.115,0.823,-7.52,0.199,160.095,4,4
Best life,Best Life,Naps,46vfSYsDJZaNQcD4YvT8GD,2021-10-08,73,189400,0.919,0.258,0.779,0.0,0.0991,0.941,-4.739,0.147,138.038,7,4
Coco,Coco,100 Blaze,55z0Dzym0LsLueK3ff7fx2,2022-04-07,35,144610,0.955,0.0563,0.679,0.00132,0.11,0.686,-6.349,0.213,130.007,11,4
Sensas,Sensas,Naps,5vEAcnc5XpgeDRPeXmchUI,2022-06-10,51,155506,0.79,0.0978,0.843,0.0,0.0904,0.707,-6.034,0.0534,135.959,5,4
CHAQUE JOUR DE LA SEMAINE,NOSTALGIA+,Green Montana,7IA4vFk3nGuIL7aBPENCDa,2022-04-14,60,108946,0.762,0.534,0.603,0.00959,0.14,0.799,-7.553,0.0377,136.041,1,4
VVS,Jefe,Ninho,5S12Ds2RswM2ITC0u1J01f,2021-12-03,75,187027,0.751,0.337,0.61,0.0,0.11,0.525,-8.368,0.485,167.983,10,4
Clic clic pan pan,Pays des merveilles,Yanns,6aZPMuJetqwKQCPClCNgd3,2022-02-04,65,163977,0.798,0.204,0.763,0.0,0.213,0.698,-6.134,0.0654,132.016,10,4
On se reverra plus (feat. Gazo),Le chemin des braves,DA Uzi,0RlsG2tl1JE53HC2zbeGnU,2022-04-01,64,179040,0.663,0.383,0.715,0.0,0.104,0.517,-5.239,0.195,144.901,0,4
Zenith,CNLPG,Coyote Jo Bastard,6tqcPgm6BF9LYI40IbWOBf,2022-05-19,38,175756,0.48,0.374,0.576,0.0,0.0948,0.416,-8.255,0.259,70.916,9,4
Dans les règles,Dans les règles,Ziak,6tBDFFAT7kQqMljBRhoNyr,2022-03-28,52,192884,0.749,0.427,0.687,0.00142,0.167,0.31,-6.915,0.198,134.014,10,4
La Calle,MOOD2 (Vibe),Franglish,0Z5QE9yGEB79zRNH6uAM76,2022-03-24,54,195213,0.745,0.295,0.805,0.0,0.159,0.809,-5.722,0.158,149.083,4,4
T'abuses,T'abuses,UZI,1J6VPJJf6B0tQ8gjzTRxV7,2022-03-22,61,189687,0.852,0.0596,0.641,0.0,0.0742,0.573,-6.271,0.205,135.033,4,4
Régiment,Régiment,Captaine Roshi,5yJsObSRy2FD0QQK7A93rB,2022-03-17,42,200026,0.598,0.582,0.543,0.0,0.23,0.435,-7.414,0.105,125.823,1,4
Equilibre,NAUTILUS,Dinos,6Pbpxnggnmnqf6ZLt9jQOa,2022-03-22,48,220897,0.715,0.419,0.554,1.96e-06,0.28,0.416,-5.888,0.227,96.0,8,4
Posséder,Posséder,Semji,68koMSWxucEcheklKLXYra,2022-06-02,18,173870,0.872,0.121,0.396,0.0,0.119,0.432,-11.084,0.37,134.891,11,4
I Love You,Tombolo,Kalash,3PyznUqNXz4O8woVOvvUh9,2022-04-29,60,186306,0.914,0.156,0.542,0.0111,0.183,0.539,-5.711,0.104,140.008,0,4
MERCI,MERCI,YellowStraps,5ops3TstirUUtHSOhwxidF,2022-03-30,44,253750,0.663,0.142,0.47,0.00985,0.375,0.113,-7.587,0.0543,83.993,1,4
"Va bene (feat. Tayc, Soolking, Jul & Naza)","Va bene (feat. Tayc, Soolking, Jul & Naza)",4.4.2,2rCWBH2DlKNgsEJFb8diw3,2022-04-01,64,217021,0.865,0.308,0.59,0.0,0.0943,0.858,-5.101,0.0451,126.954,11,4
Rotterdam,Rotterdam,UZI,6pQn2aqsXH8T03h5rb26jr,2022-01-27,59,194834,0.749,0.103,0.594,0.0,0.112,0.358,-7.168,0.0857,159.959,1,4
Fixette,Fixette,Ziak,5sLfmuQHJtPjSORQF2sbrJ,2020-10-23,65,213594,0.866,0.168,0.694,0.0,0.0585,0.649,-5.222,0.363,145.041,1,4
N.I,Le monde est méchant,Niska,52UT99qy9z0YfQ0CQLCmAu,2021-11-04,62,179026,0.763,0.148,0.762,0.0,0.196,0.789,-5.112,0.0773,135.014,5,4
You Know,You Know,Ziak,3SU7nOzD9JAylptg9883Ug,2022-05-12,62,135285,0.725,0.263,0.739,0.000569,0.216,0.768,-6.716,0.366,146.721,1,4
Maya Maya,Indomptable,DAVINHOR,57rVSWNq863aYrapYhC9Mm,2022-03-24,34,187440,0.789,0.0443,0.736,0.0,0.376,0.79,-5.225,0.159,139.92,5,4
Paradis Artificiel,GROZO Social Club,Gros Mo,46b4vKpEdZ1cK0l33daooy,2022-05-06,56,252006,0.705,0.735,0.717,2.91e-05,0.0768,0.443,-6.549,0.0713,140.127,0,4
BB,OPIUM 2.16,Ashh,2vHtnY72K4mDnddsuurPon,2022-05-19,43,170380,0.585,0.25,0.662,0.0,0.128,0.366,-6.243,0.402,78.174,3,1
CITÉS D'OR,CITÉS D'OR,LAZZIO,4w1jsIuQm9wFbUPjWXqmgr,2022-06-07,24,154886,0.529,0.362,0.564,0.0,0.11,0.687,-12.278,0.0734,127.161,4,4
Papa allo,100 %,Alonzo,4W2bHA8uobtZEABLKUvIgy,2017-08-25,49,208173,0.828,0.284,0.668,0.0,0.252,0.792,-5.71,0.12,129.983,6,4
Le Temps,Le Temps,Kemmler,4Yxp3T6sx2Q0tfnz4cTp2E,2022-05-12,41,156000,0.576,0.623,0.539,0.0,0.107,0.28,-7.757,0.255,90.188,9,4
92i,OCHO (Deluxe),SDM,10qm81mUj5Osyr9hdqW1cD,2021-12-09,52,192789,0.797,0.143,0.588,0.0,0.046,0.58,-6.889,0.173,140.064,9,4
TCPLT,Cartel : volume 1 & 2,Koba LaD,3wdSw036UXocYqmKHjTHuo,2021-12-09,54,143360,0.611,0.165,0.838,0.0,0.0713,0.733,-4.364,0.144,140.095,3,4
Si j'savais,Si j'savais,Tiakola,5b0jPRxr4XEqIwWlkGrVq3,2022-05-06,67,223480,0.761,0.669,0.5,0.0,0.113,0.801,-9.547,0.33,128.892,8,4
Bigo,Bigo,YL,3O9IYq7lsNQ4O2pVtJ98DS,2022-02-23,35,159653,0.68,0.258,0.83,5.53e-05,0.107,0.848,-5.799,0.234,86.739,11,3
Mardi gras,Réelle vie 3.0,Maes,3derKKqC8nOEuBryp6wfms,2021-11-25,12,148293,0.813,0.603,0.571,0.0,0.121,0.584,-5.743,0.0564,109.955,10,4
Dernier Etage,Tout Droit,Yaro,4cEmTY9s8re8z5Lg9u3uXH,2022-03-25,62,210000,0.761,0.288,0.329,7.42e-05,0.316,0.483,-12.665,0.231,121.004,7,4
Θ. Macarena,Ipséité,Damso,2ewjMyCbNv2X1dB2qIDCwD,2017-04-28,71,206840,0.777,0.182,0.554,1.7e-06,0.0477,0.27,-8.179,0.0572,129.933,2,4
Les gentils bandits,Les gentils bandits / Focus,Zkr,3Xw6c0oby7C6d7eAjyb1oD,2022-02-18,59,220920,0.785,0.424,0.594,0.0,0.113,0.604,-8.159,0.294,115.839,11,4
Le monde par ma fenêtre,Le monde par ma fenêtre,Zamdane,34gqAsUuzda4ctvmjcv3Kl,2022-01-26,45,203173,0.527,0.597,0.552,0.0,0.11,0.67,-7.749,0.0716,185.904,6,3
Modou (Feu) [feat. Limsa d’Aulnay],Labrador bleu,ISHA,19fKJR9XvpBathXpjh3ozB,2022-04-15,46,240691,0.778,0.455,0.551,2.6e-05,0.111,0.41,-9.137,0.157,124.982,5,4
Sacré Bordel,Sacré Bordel,Bigflo & Oli,4jp2u0M51xHAVACTTKnGWu,2022-04-04,61,266520,0.793,0.235,0.581,0.0,0.0256,0.671,-7.22,0.554,120.669,9,4
Big Meech,Big Meech,Leto,66OTw5q1Ut9KqdFgzMRrhp,2021-10-28,62,220632,0.796,0.0616,0.822,0.0656,0.42,0.757,-4.343,0.216,139.951,11,4
Floko,Floko,DAVINHOR,4C62iahstbUudAbsiA04bk,2022-02-24,34,158053,0.621,0.403,0.688,7.73e-06,0.218,0.837,-5.258,0.443,97.461,9,5
Mapess,Mapess,Niska,7vX1e8Tcj1cl20HoWaDI4h,2021-10-07,56,125306,0.925,0.016,0.716,0.00056,0.192,0.574,-5.095,0.216,129.987,9,4
Elle est bonne sa mère,Elle est bonne sa mère,Vegedream,6F8Caj9u2wk5hmbFuKK6Pa,2019-05-31,52,197925,0.783,0.288,0.732,2.39e-05,0.333,0.46,-5.459,0.0602,105.017,4,4
Jefe,Jefe,Ninho,6HTJgY7iWWlVLSDHsfHePf,2021-12-03,76,177705,0.648,0.474,0.599,6.81e-06,0.121,0.213,-8.611,0.0799,120.985,7,4
Méchant,Mr Sal,Niska,75bVc27bDSOAhMAL38cXpV,2019-09-05,59,191133,0.531,0.325,0.803,0.0,0.368,0.414,-3.929,0.339,97.51,8,5
GLAIVE,GLAIVE,Booba,4kgHfnWMk3rK5upoZgJrFr,2019-07-31,53,116178,0.667,0.427,0.825,0.0,0.297,0.866,-4.237,0.391,78.685,9,4
Journée,Journée,Niska,32UpKbtypiKO8ODsIc4VQT,2021-11-03,53,143764,0.752,0.164,0.733,0.0,0.367,0.539,-6.178,0.198,83.501,8,4
Rhum & machette,Rhum & machette,Ziak,3UiyduXdRqIpjIG1k7BIvB,2021-11-09,49,167266,0.792,0.223,0.752,0.0,0.142,0.641,-5.643,0.392,139.843,6,4
Rivok,Rivok,Mig,5QflKDW5tMOXTn65ndoLLG,2021-12-12,54,195653,0.794,0.667,0.662,0.0,0.116,0.705,-7.665,0.375,139.891,2,4
PRT,PRT,Booba,3XW46ov9cTkv6JWNchd9ZE,2021-12-16,48,158898,0.891,0.18,0.635,0.0,0.0816,0.644,-8.542,0.592,145.96,10,4
Kawasaki,Kawasaki,Hornet La Frappe,0bhUpKSeZKGKbZocH21wHX,2022-03-18,64,164198,0.889,0.114,0.603,0.0,0.0986,0.889,-5.842,0.142,141.996,6,4
Bon Pilon,Bon Pilon,C.O.R,1x4ythC2mF0MU7SQ7KCBSo,2021-12-02,36,161100,0.845,0.585,0.767,0.0,0.0573,0.781,-10.236,0.417,128.06,10,4
MAUVAIS PAYEUR,MAUVAIS PAYEUR,La Fève,2IGabiC03QhYoz6lcAmxXk,2021-10-21,54,139000,0.878,0.0266,0.487,3.77e-05,0.0977,0.487,-10.37,0.178,112.982,0,4
Bruce Wayne,Arès,Timal,57QiLC5coJ0WDt0oY7fXqz,2021-10-14,57,187560,0.574,0.324,0.603,0.0,0.114,0.648,-7.391,0.439,120.133,8,5
T-max 560,T-max 560,Maes,45ixxjT6r08sczuTnZuBPf,2021-11-24,44,178586,0.809,0.227,0.57,0.0,0.148,0.697,-7.349,0.297,135.033,8,4
Sagacité,Mansa,MHD,6UgODeTkEfRQBWcJ4nWUl5,2021-07-15,50,189735,0.816,0.118,0.704,2.36e-05,0.0898,0.749,-9.201,0.27,122.131,7,4
Trucs de choses,Trucs de choses,Gradur,3IR9wKWxI0TK1DLXvZq8uQ,2021-07-29,65,174670,0.54,0.323,0.577,0.0,0.265,0.634,-4.733,0.189,96.657,9,5
Le classico organisé,Le classico organisé,Le classico organisé,2O9enJqAqs46tfBlGhLsnW,2021-11-05,69,378080,0.828,0.321,0.878,0.0,0.1,0.777,-5.241,0.269,142.886,7,4
Akimbo,Akimbo,Ziak,0GHN9qDtUXOctlf96tzivw,2021-10-28,55,150973,0.807,0.459,0.755,0.0,0.09,0.573,-5.263,0.284,144.776,7,4
Jota,Le monde est méchant,Niska,6Fnriu0MGPeYMZ6l8GkWZm,2021-11-04,60,164133,0.86,0.196,0.593,2.94e-05,0.0707,0.54,-6.735,0.295,81.988,1,4
Leo Messi,Leo Messi,Booba,3YZdPvENFPytMyrnkRWm1B,2021-11-04,52,105681,0.909,0.341,0.493,0.00222,0.17,0.484,-9.822,0.335,120.024,9,4
La beu beu,Arès,Timal,3BFlHQD1nt7vHXmh0SswCO,2021-10-14,62,177499,0.768,0.0606,0.863,3.22e-05,0.0967,0.844,-5.353,0.155,143.038,5,4
Gasolina (feat. Ninho),Toujours nous-mêmes,Hornet La Frappe,6CyIkPh5mRkJg7T5xXynQ8,2021-08-27,71,153720,0.631,0.843,0.583,0.0,0.0744,0.618,-6.402,0.0455,84.87,9,4
Le monde est méchant,Le monde est méchant,Niska,1v0Brl2qMDHOji0WPgtZxT,2021-10-20,44,147226,0.938,0.08,0.571,0.0,0.146,0.783,-8.507,0.314,135.023,9,4
Menottés,Menottés,Lyms,0EyU1vmm87r8ztCeN64Yvn,2022-01-13,27,191162,0.672,0.196,0.709,0.0,0.143,0.13,-6.37,0.0511,154.99,1,4
Ça canarde,Anarchiste,Bolémvn,7r9KkTYiFYMuNcGR4aySxh,2021-07-08,63,198053,0.757,0.167,0.743,0.0,0.266,0.605,-5.983,0.281,150.119,6,4
Attentat,Enna Boost,PLK,5ioieZofgvXQK70RFhVohl,2021-11-12,74,194266,0.844,0.192,0.656,1.82e-05,0.115,0.398,-5.935,0.216,99.983,7,4
Com'dab,DJ Kayz,DJ Kayz,4BxjyoJcuAqTHCvxjJ58e6,2016-06-03,42,197320,0.786,0.432,0.884,0.0,0.0751,0.873,-3.913,0.195,121.05,1,4
Boyka,Boyka,Zamdane,5sEaPVHq9bCxFaz0W2poeC,2021-12-03,46,221992,0.577,0.308,0.709,0.0,0.3,0.627,-5.889,0.183,124.918,4,4
Boss,Boss,Makala,63gp82qllNEG0Q8mpwvgej,2022-02-11,31,188373,0.796,0.0343,0.723,8.68e-05,0.192,0.828,-7.114,0.218,155.845,11,4
JANE,OPIUM,Ashh,1VrfABSRTZz2XA46uA66op,2022-01-13,32,139376,0.624,0.44,0.58,3.89e-06,0.245,0.517,-7.757,0.0861,123.951,1,4
Joe Pesci,Le monde est méchant,Niska,2k6HLTTqqCDnymPqfiALHM,2021-11-04,50,182813,0.626,0.358,0.547,0.0,0.101,0.631,-8.222,0.299,105.164,7,3
Daddy chocolat,Cartel : volume 1,Koba LaD,4IbDTrLxImTJfZePAX2nKB,2021-06-17,69,191984,0.721,0.0693,0.523,0.0,0.281,0.757,-8.399,0.147,141.034,7,4
Tu le sais,Tu le sais,Kalash,2s1lS0DxcxTB8Y6oFgVKqW,2021-07-23,66,222448,0.731,0.352,0.59,0.0,0.126,0.321,-6.27,0.126,91.989,5,4
Vitrine,Agartha,Vald,3DQPBVkQUs3nYxjWg6i5Pr,2017-01-20,57,270840,0.67,0.45,0.737,0.0,0.199,0.457,-6.663,0.291,128.562,3,4
Barbara Kean,02 Géné,Mig,5nVqBHubCjyS3YqWvWMCYG,2021-06-24,58,205500,0.782,0.332,0.701,0.0,0.112,0.771,-7.212,0.304,144.003,3,4
Pétard Max,Pétard Max,Bolémvn,6PX3pHu2ba4aM2rW080VX4,2021-11-09,34,174259,0.653,0.129,0.67,0.0,0.0904,0.815,-4.99,0.0379,148.068,11,4
Legend,Grand Monsieur,Rohff,6VMrG12u9D3qZ24DsOtgOZ,2021-12-09,50,189026,0.898,0.153,0.858,1.93e-06,0.292,0.592,-4.335,0.247,112.997,7,4
MAUVAIS 2X (feat. Ninho),MAUVAIS 2X (feat. Ninho),Gazo,6UlSVbJrj3wsyxjGM4KPAv,2021-11-19,73,240373,0.736,0.36,0.666,0.0,0.0881,0.744,-7.851,0.255,138.656,0,4
De bon matin,De bon matin,Niska,3EwsJXInOSrHZqSRW2UceI,2021-08-19,51,183783,0.774,0.171,0.801,0.0,0.3,0.713,-6.532,0.266,137.997,0,4
Besoin de toi,Besoin de toi,MAV,1Y2YAq2hGGBe4YqsIZrQPw,2021-10-22,24,181460,0.881,0.699,0.539,0.00446,0.0989,0.717,-11.661,0.127,126.971,3,4
Ça va vite,Ça va vite,ISK,58D69P1dusriq8I3t83eji,2021-10-14,39,143904,0.881,0.0505,0.794,5.58e-06,0.25,0.687,-3.1,0.224,139.977,11,4
Mexico,Costa Azzurra,THABITI,4xJfZesfZ3UGR0v647p8Y5,2021-09-23,53,152688,0.903,0.146,0.653,0.00144,0.143,0.681,-5.997,0.136,129.958,10,4
Papel,Papel,Rim'K,13tc5dzElXbImNjDzz4E2B,2021-08-26,4,212795,0.798,0.473,0.768,0.000597,0.065,0.697,-7.631,0.0994,129.932,2,4
Ma meilleure amie,Agartha,Vald,5E9KtAPBkCxLvfkg1NTosb,2017-01-20,55,200786,0.731,0.253,0.505,0.00017,0.178,0.143,-7.665,0.0378,126.961,5,4
Amère,Road to Larosh,Captaine Roshi,6Jrxfj7GbnK4ao2bdDJNmx,2021-10-28,46,157187,0.749,0.139,0.58,0.0,0.161,0.554,-6.141,0.172,162.91,7,4
C'est puissant,Yoski,Mayo,3tU3499AUOqUZ92ooQrYNN,2021-10-14,40,207116,0.732,0.334,0.633,0.0,0.217,0.94,-6.903,0.0698,98.918,5,3
Avengers,Best Life,Naps,2YAgixJPrOiEZSgZMlmqqF,2021-10-08,57,197786,0.866,0.0899,0.804,1e-06,0.196,0.681,-5.761,0.309,140.035,10,4
Briller,Validé - Saison 2 (B.O. de la série),Validé,1isJQKjH3cFutccvz3jrCD,2021-10-10,38,179373,0.762,0.401,0.771,0.0,0.322,0.707,-6.431,0.204,119.853,6,4
Tigini - Remix,Vibe,Franglish,29p5fHkI7clYv4hRhTYF15,2021-09-09,43,196033,0.755,0.253,0.622,0.0,0.102,0.599,-6.89,0.228,135.017,6,4
VARIANT,VARIANT,Booba,3g7QMyHeUYoNdFS5cOIJFY,2021-09-02,52,155595,0.893,0.404,0.689,2.34e-05,0.0666,0.482,-7.358,0.29,129.982,1,4
Le billet,Vérité,ISK,731JjfIII1qYfeatc3zhtU,2021-05-27,1,155551,0.97,0.0538,0.877,0.0,0.0909,0.363,-6.088,0.272,124.011,0,4
ONGBAK 2,ARRÊTEZ-LE !,1PLIKÉ140,1VOn2rRxe7JBweoK4SINHe,2021-04-01,59,151028,0.87,0.105,0.415,1.36e-05,0.349,0.439,-10.225,0.307,132.043,10,4
Pololo,Mansa,MHD,2gmTz7pHMqAk6fpOc88qxA,2021-07-15,58,195019,0.773,0.316,0.776,7.15e-05,0.0571,0.895,-8.692,0.0622,106.022,1,4
Du mal à te dire,"Stamina, Memento",Dinos,6krr1QQpT7nN8fjLjdWXIC,2021-07-01,65,207120,0.608,0.174,0.464,0.0,0.712,0.274,-9.659,0.192,83.781,0,4
Afro Trap Part. 11 (King Kong),Afro Trap Part. 11 (King Kong),MHD,62nJqZs3Qs7DGUto35dVUv,2021-05-27,58,154253,0.92,0.0616,0.864,0.0,0.0944,0.666,-3.783,0.287,123.986,7,4
La Seleçao,Capo Dei Capi Vol. II & III,Alonzo,2vd2HEhrkafOi2uveHjzzh,2021-03-25,67,197520,0.825,0.128,0.878,8.94e-05,0.0963,0.847,-5.485,0.186,126.994,9,4
Mona Lisa,Mona Lisa,Booba,4tvf8CyNCftXxNypNt162e,2021-03-03,40,187362,0.784,0.683,0.529,0.0,0.118,0.246,-7.681,0.0742,134.041,11,4
Cramé,Cramé,Koba LaD,3Db0wui02C3y86PfDJg5aC,2021-06-17,47,185386,0.464,0.287,0.578,0.0,0.0857,0.688,-7.586,0.21,92.725,5,3
La kiffance,La kiffance,Naps,4CWcaGtaOyAqBDKIeZMUe0,2021-02-26,66,179426,0.806,0.232,0.637,0.0,0.071,0.674,-6.515,0.0881,140.053,6,4
Peur d'aimer,Vibe,Franglish,2kOckGjDUc0hHVLJ0PfyAV,2021-07-08,54,214110,0.661,0.423,0.58,0.0,0.0739,0.685,-6.675,0.0415,144.991,8,4
7/7,7 vie 2,Lyms,7epeVdjsFcAnV3dSUIJ6u4,2021-07-01,27,165613,0.854,0.0103,0.865,0.0,0.116,0.59,-6.743,0.0449,140.004,9,4
Maxi boule,Anarchiste,Bolémvn,13EcfdRyPlfbHLtWkjkLBW,2021-07-08,45,166186,0.758,0.251,0.712,0.0,0.165,0.757,-6.159,0.28,144.996,4,4
Sapapaya,Sapapaya,L'Algérino,4IvNSJPXA59xpA6G3XxCuR,2021-05-13,50,215186,0.697,0.187,0.688,0.0,0.0869,0.645,-5.777,0.351,113.33,6,4
Elle m'a dit,Elle m'a dit,Dj Quick,3KSFpDJaIxRMPXbkW4QpY2,2021-06-01,47,225138,0.697,0.539,0.558,0.0,0.131,0.362,-8.529,0.18,113.099,2,5
Prends mes lovés,"Stamina, Memento",Dinos,27Qc3M6yflqyrPGzS3aBxf,2021-07-01,50,183320,0.788,0.0722,0.417,0.0,0.0846,0.421,-9.813,0.131,140.138,1,4
Σ. MOROSE,QALF infinity,Damso,0fukO3WYYUHaXOrvEohpEG,2021-04-28,68,263576,0.721,0.37,0.588,0.00208,0.1,0.276,-7.801,0.0501,150.031,4,4
Tue ça,Tue ça,Koba LaD,3UtfC16RDbJzJvDSgrqAUk,2021-06-03,45,170493,0.425,0.234,0.66,0.0,0.0758,0.753,-6.926,0.365,189.73,1,3
EVIDEMMENT,EVIDEMMENT,Green Montana,3zLOqP9s9MvMRPZuwJo6ko,2021-05-27,50,173213,0.793,0.476,0.692,4.18e-06,0.0973,0.215,-6.492,0.0977,92.024,4,4
DM,DM,Bolémvn,5zF94WxTQIBTNUgdzEnlZC,2021-05-19,40,201916,0.803,0.458,0.604,0.00558,0.135,0.649,-5.744,0.0696,105.049,10,4
Papier,Substance,Bramsito,02SB8Fqo4Tv4AWTMbLxHm6,2021-05-13,44,188173,0.512,0.266,0.609,0.0,0.11,0.581,-5.767,0.169,149.01,5,4
POISON,POISON,1PLIKÉ140,4NfptP9VQFZWAiVvyPZhzG,2021-07-01,41,196571,0.885,0.515,0.566,2.36e-05,0.139,0.807,-8.848,0.336,104.972,1,4
KASSAV (feat. Tiakola),DRILL FR,Gazo,25PVU9aowaP69bSYRBe3sj,2021-02-26,60,210253,0.759,0.649,0.523,1.33e-05,0.269,0.766,-9.886,0.321,144.109,6,4
Daddy,OCHO,SDM,2iPFEYnitXLl4lSxvqZI3m,2021-04-08,56,158367,0.773,0.564,0.709,0.0,0.116,0.521,-6.857,0.259,82.019,4,4
Coffre plein,Détail,Koba LaD,0A83jOg4aTeMw1i1BCR63w,2020-10-22,0,220666,0.756,0.0808,0.558,0.0,0.0978,0.639,-6.672,0.0653,149.985,6,4
Brrr - & Asdek feat. Laylow & Rim'k,Brrr EP,Vladimir Cauchemar,51I71OPPRrvM3dLJxSq2NS,2021-06-03,35,162013,0.87,0.0236,0.626,0.000513,0.165,0.692,-5.673,0.232,120.022,0,4
NARCOS,ARRÊTEZ-LE !,1PLIKÉ140,41zbeJdRNGtr5P43vvcWOh,2021-04-01,48,171978,0.772,0.431,0.509,0.0,0.29,0.928,-10.349,0.339,145.903,10,4
La recette,La recette,Dj Quick,688MuW750klVdBG3PGPTdg,2021-05-06,34,148724,0.82,0.33,0.793,0.0,0.116,0.597,-4.479,0.155,126.025,10,4
Cités de France,Cités de France,ISK,46A1WnXW3snrKMFnOzIECb,2021-04-08,38,198401,0.66,0.398,0.893,0.0,0.331,0.369,-4.798,0.429,139.8,11,4
Andale,Au clair de la rue (Part. 1),Benab,1HPSiGYqd6cSsMcXE1ouSy,2021-02-19,52,156083,0.821,0.165,0.687,0.0,0.161,0.436,-7.474,0.0951,99.977,3,4
911,QALF,Damso,2chIkORxBLpPVgruGiMY8k,2020-09-17,1,172293,0.685,0.0894,0.706,0.0287,0.0986,0.64,-7.02,0.0545,155.989,11,4
À la fête,À la fête,UZI,0qARyMVNjA6q1uxxO3nofB,2020-06-25,56,204179,0.885,0.391,0.689,0.0,0.129,0.492,-5.581,0.165,100.385,11,3
Bande organisée,Bande organisée,Kofs,205HNJ73cgpC0LAOnuQiWT,2020-08-15,69,356346,0.901,0.117,0.939,0.0,0.0643,0.805,-2.762,0.274,142.948,6,4
Coeur abîmé,Coeur abîmé,UZI,4IwuZFvnWsShrRKrc9Fr5b,2021-01-21,42,161152,0.744,0.0416,0.53,0.0,0.193,0.339,-6.308,0.0494,98.988,1,3
La meilleure,Chaise pliante II,Hatik,2g63GxCZUmhsr4XoKR93F6,2020-03-06,59,185120,0.757,0.652,0.517,0.00527,0.173,0.218,-8.499,0.0672,102.008,8,4
Cabeza,Mafana,OBOY,66tNDqYNR2S6Svwgm3BMi9,2020-07-03,68,148035,0.884,0.123,0.566,3.25e-06,0.106,0.565,-7.398,0.046,106.983,5,4
Pas de reine,Détail,Koba LaD,6S5zBMqjRM4Ysr8hsV7G1Z,2020-10-23,53,200683,0.819,0.167,0.705,0.0,0.104,0.663,-6.56,0.126,127.922,4,4
Boston George,R.I.P.R.O 4,Lacrim,0LU7THzZmFI0k5Z9Upxbto,2020-10-15,58,202346,0.563,0.196,0.562,5.02e-06,0.107,0.344,-7.931,0.247,137.325,7,5
BXL ZOO,QALF,Damso,7BO3y8lmogACezwHqZ1HTB,2020-09-17,0,201333,0.745,0.0604,0.656,0.0,0.11,0.405,-6.829,0.203,137.997,11,4
Mecs de cités,La Mentale,Sifax,5mFgfX2btmkTHUYe5kXcVU,2020-10-08,0,187840,0.769,0.223,0.723,0.0,0.141,0.619,-4.686,0.055,120.099,7,4
American Airlines,American Airlines,Sofiane,3bmz7e9Un3FQRIzXgHBXIG,2020-10-14,44,219841,0.72,0.232,0.868,0.0,0.138,0.654,-5.115,0.316,92.816,0,4
10K,Vol 169,Bolémvn,07pzk5h8p2qRowPZb3YBKC,2020-05-28,59,176973,0.789,0.388,0.702,0.00872,0.11,0.572,-6.555,0.0382,126.016,6,4
Dybala,Les derniers salopards,Maes,4Nfak8iMF4kQfQ6Pa8Z79m,2020-01-16,64,211226,0.729,0.256,0.721,0.0,0.111,0.537,-5.83,0.0761,132.304,10,4
Criminel (feat. Niska),Criminel,Bramsito,3AWs5kIyjFDVsAtofkFU7L,2020-05-21,50,196761,0.707,0.118,0.747,0.0,0.172,0.621,-7.386,0.0352,150.063,8,4
JAUNÉ,JAUNÉ,Booba,4fW3EMRzAfj8aNMsF3zMwt,2020-05-11,58,215947,0.793,0.137,0.57,0.0,0.101,0.655,-8.852,0.15,140.003,1,4
Mec de cité,Mec de cité,Yaro,0HnQmlhsIJLAPvfoAXjd6C,2020-02-07,47,197760,0.818,0.452,0.687,1.07e-05,0.173,0.45,-7.415,0.178,117.944,0,4
Tricheur,Les étoiles vagabondes,Nekfeu,5ZwRTJD1bTACtIuW5Iibnu,2019-06-06,0,248466,0.756,0.403,0.637,0.0,0.177,0.191,-7.984,0.241,138.142,1,4
Ne reviens pas,Ne reviens pas,Gradur,0kp0ovTvyYUdoexEt7AcoL,2019-11-21,57,188613,0.932,0.222,0.762,0.0,0.164,0.931,-3.376,0.0747,124.975,10,4
Distant,Distant,Maes,2iuNKcIOuHb9VIplN7NDoa,2019-12-19,49,162013,0.747,0.555,0.731,0.0,0.0662,0.493,-6.305,0.194,105.074,4,4
RR 9.1,L' Affranchi,Koba LaD,28fP6qcMGPfYOjrx8AOWFn,2019-04-19,59,200506,0.942,0.0703,0.564,0.0,0.078,0.393,-6.293,0.407,126.069,2,4
Pachelbel: Canon and Gigue for Three Violins and Continuo in D Major: Canon,Mozart: Academy in Concert,Sir Neville Marriner,7B4HbpZCSfLzKGapKzlUPD,1986,60,301586,0.128,0.744,0.132,0.942,0.107,0.0988,-17.67,0.0353,85.314,2,4
"Schubert: 4 Impromptus, Op. 90, D. 899: No. 3 in G-Flat Major","Schubert: 4 Impromptus, D. 899 & 6 Moments musicaux",Franz Schubert,3cTX97kSfqIs9U68fOjIEB,2021-10-22,39,342306,0.171,0.994,0.0292,0.91,0.109,0.064,-28.52,0.0393,70.508,6,4
"Bach, JS: Brandenburg Concerto No. 3 in G Major, BWV 1048: I. —",Brandenburgische Konzerte No. 1-5 (Inspiration),Johann Sebastian Bach,3jkbbG3Y2otnG7nhL3zaOr,1992,29,308120,0.568,0.799,0.326,0.769,0.278,0.923,-19.939,0.0436,108.062,6,4
"Tchaikovsky: The Seasons, Op. 37a: No. 6, June. Barcarolle",Morning Piano - Tchaikovsky: Barcarolle (June),Pyotr Ilyich Tchaikovsky,4hdKqrctjCvXDSi5ZKDtoC,2022-05-27,42,258656,0.223,0.994,0.0193,0.907,0.0973,0.127,-29.665,0.0416,67.456,7,4
"Grieg: Peer Gynt, Op. 23, Act 4: No. 13, Prelude. Morning Mood",Grieg: Peer Gynt - Incidental Music,Edvard Grieg,2qCSoIISKhNMZqfKXWzogq,2005-06-06,27,233666,0.156,0.976,0.0163,0.959,0.155,0.0377,-23.979,0.0387,134.899,4,3
"Mozart / Arr. Grieg for Two Pianos: Piano Sonata No. 16 in C Major, K. 545 ""Sonata facile"": I. Allegro","Mozart, Grieg: Piano Sonatas",Wolfgang Amadeus Mozart,6qfFnvkz3iLM5tdkeMGbhp,1995-01-01,29,297813,0.425,0.993,0.0813,0.922,0.0797,0.285,-26.034,0.0355,123.239,0,4
"Tchaikovsky: Swan Lake, Op. 20, Act II: No. 10, Scene. Moderato",Tchaikovsky: Swan Lake,Pyotr Ilyich Tchaikovsky,2xizRhme7pYeITbH1NLLGt,1976,64,166866,0.136,0.911,0.164,0.916,0.109,0.071,-18.756,0.0364,58.303,4,4
"Bach, JS: The Well-Tempered Clavier, Book II, Prelude and Fugue No. 3 in C-Sharp Major, BWV 872: Prelude","Bach, JS: Das wohltemperierte Klavier, Teil II, BWV 870 - 893",Johann Sebastian Bach,0VJxy5537aAlj5mjfnxD1x,2022-05-06,25,120240,0.302,0.994,0.0125,0.933,0.11,0.174,-31.212,0.0422,67.125,1,4
"Tchaikovsky: The Nutcracker, Op. 71, Act II: No. 12e, Divertissement. Dance of the Reed-Flutes",Tschaikowsky: Der Nussknacker,Pyotr Ilyich Tchaikovsky,0fO39vQjQo71PmY1Z9lSBx,2010-10-22,29,149026,0.462,0.969,0.0508,0.94,0.16,0.287,-30.068,0.0418,132.031,2,4
"Schumann: Kinderszenen, Op. 15: No. 7, Träumerei",Evening Piano - Schumann: Träumerei,Robert Schumann,3Pf6XFUvPAJwI51zj864mG,2022-05-06,36,180804,0.407,0.995,0.00696,0.897,0.0796,0.193,-34.681,0.0564,69.702,5,3
Bizet: Carmen Suite No. 1: III. Intermezzo,Spatial Audio - The 3D Orchestral Collection,Orchestre Philharmonique De Strasbourg,1pILESnhfceO3VwYu75SoM,2021-10-15,28,163920,0.186,0.815,0.0678,0.925,0.132,0.0421,-26.542,0.0393,65.528,3,4
"Bach, JS: Cello Suite No. 1 in G Major, BWV 1007: I. Prelude",Souvenirs,Gautier Capuçon,0w6LWDuhdyzzIgNJDjrtrh,2021-10-01,41,172586,0.242,0.888,0.0303,0.873,0.105,0.228,-26.57,0.0528,142.971,7,4
"Vivaldi: The Four Seasons, Violin Concerto in E Major, Op. 8 No. 1, RV 269 ""Spring"": I. Allegro",Vivaldi: The Four Seasons,Antonio Vivaldi,6JV3m7TDJ9gsJNHp0e4MWM,1989-09-25,50,187720,0.575,0.883,0.174,0.898,0.108,0.381,-14.423,0.0424,113.134,4,4
Nocturne No 2 In E Flat Major Op 9 No 2,Nocturnes Etc.,Alexis Weissenberg,44q3YAjsga0wqkf1FgaKWu,2003-03-03,37,280000,0.362,0.991,0.00741,0.918,0.0824,0.0412,-31.873,0.0418,98.545,10,3
Tanz der Stunden,Klassik 100 Meisterwerke: Klassik die man gehört haben muss,Various Artists,7r5mwkXhvyT6h62u0xEZY9,2021-09-25,26,184573,0.337,0.958,0.0455,0.0936,0.164,0.211,-24.919,0.0398,78.835,4,4
"Bach, JS: Goldberg Variations, BWV 988: Aria","Bach, JS: Goldberg Variations",Johann Sebastian Bach,5oc54CC6nWMJPmzsgLvYnR,2021-11-26,51,312253,0.277,0.995,0.0099,0.908,0.0608,0.189,-31.727,0.0447,75.941,7,4
Sinding / Arr Sitt : Rustle of Spring,Rustle of Spring,The Norwegian Radio Orchestra,5lfcLfX7I3GuLb7Kkpfc5E,2003-02-01,26,158400,0.183,0.882,0.191,0.776,0.108,0.118,-15.074,0.0347,90.046,5,4
"Williams: Indiana Jones, ""Raiders of the Lost Ark"": Marion’s Theme",Spatial Audio - The 3D Film Music Collection,Orchestre Philharmonique De Strasbourg,0iRbzEluscRVPFkxRNqCDQ,2021-10-22,24,256984,0.0932,0.497,0.164,0.926,0.111,0.034,-18.968,0.0437,87.002,0,4
"Chopin: 24 Preludes, Op. 28: No.15 in D-Flat Major, ""Raindrop""",Chopin: Preludes & Piano Works,Frédéric Chopin,3OlR6gu03Cb6q0St2sx7fb,2021-08-27,26,380720,0.378,0.992,0.00592,0.9,0.0689,0.0823,-27.902,0.0511,63.331,1,4
"Mozart: Eine kleine Nachtmusik, K. 525: I. Allegro",Mozart - Eine kleine Nachtmusik,Wolfgang Amadeus Mozart,4MPJsRgppb3egQJUKAJTTu,1992,24,354506,0.514,0.969,0.176,0.916,0.0532,0.403,-15.925,0.0483,139.055,7,4
"Bach, JS: The Well-Tempered Clavier, Book I, Prelude and Fugue No. 2 in C Minor, BWV 847: Fugue","Bach, JS: Das wohltemperierte Klavier, Teil I, BWV 846 - 869",Johann Sebastian Bach,3jJVDQ7YyPdNWdrl2qrcgR,2022-04-08,23,127893,0.426,0.996,0.0714,0.895,0.0714,0.301,-27.629,0.0432,131.638,0,4
Rossini: William Tell: Overture. Finale,Spatial Audio - The 3D Orchestral Collection,Orchestre Philharmonique De Strasbourg,2z18RnwJ7R84YKUUf5u5T6,2021-10-15,24,198906,0.304,0.319,0.376,0.911,0.449,0.289,-18.245,0.0858,155.359,4,4
Rota: The Godfather: End Title,Spatial Audio - The 3D Film Music Collection,Orchestre Philharmonique De Strasbourg,2eBpy3HaGKhS1kuH7IX748,2021-10-22,23,241708,0.118,0.727,0.183,0.909,0.105,0.0383,-17.624,0.0406,70.164,9,4
Galliano / Orch. Galliano: Tango pour Claude,Piazzolla Stories,Lucienne Renaudin Vary,5t3thx5BAsRs8aaYvx50zG,2021-02-26,19,296333,0.145,0.878,0.233,0.854,0.0945,0.228,-13.401,0.0328,173.396,9,5
Eileen,Alter Ego,David Orlowsky,6TbRy2D7jEFQEtsOcwKFhz,2022-05-06,28,231000,0.421,0.978,0.169,0.872,0.122,0.223,-20.483,0.0396,145.78,2,3
"Schubert / Transcr. Tharaud: Rosamunde, Op. 26, D. 797: No. 6, Entr'acte No. 3","Schubert: Rosamunde, Op. 26, D. 797: No. 6, Entr'acte No. 3",Franz Schubert,59JyhffzxORbdTQMJSYdlz,2021-10-01,32,358573,0.273,0.995,0.0549,0.898,0.0807,0.054,-24.156,0.0461,78.521,10,4
"Beethoven: Piano Sonata No. 14 in C-Sharp Minor, Op. 27 No. 2 ""Moonlight"": I. Adagio sostenuto",Beethoven : Piano Sonatas,Ludwig van Beethoven,03noiBRH0sIPgbe5Ok1jw6,1967,26,428066,0.268,0.994,0.00305,0.904,0.12,0.157,-41.594,0.037,63.798,1,4
"Handel / Orch. Hale: Keyboard Suite No. 4 in D Minor, HWV 437: III. Sarabande",Handel Sarabande,George Frideric Handel,1upQiytDIEZfl9ItruoXuC,2002,63,207266,0.0939,0.927,0.0336,0.83,0.0954,0.0516,-24.041,0.0606,67.359,2,3
"Platti: Cello Sonata No. 7 in D Major, I. 84: I. Adagio","Platti: Cello Sonata No. 7 in D Major, I. 84: I. Adagio",Abel Selaocoe,1H3t2fw8RI1Qh5rFz2Vv2Q,2022-05-27,32,212786,0.296,0.957,0.0701,0.957,0.117,0.219,-22.537,0.0353,99.901,2,3
"Mozart: Piano Sonata No. 12 in F Major, K. 332: II. Adagio","Mozart: Complete Piano Sonatas - Piano Sonata No. 12 in F Major, K. 332: II. Adagio",Wolfgang Amadeus Mozart,37xYs6sNliAOxdZonEnFVS,2021-11-05,42,291881,0.391,0.994,0.0126,0.915,0.0873,0.204,-31.978,0.0441,73.899,10,4
"Dvořák: Suite in A Major, Op. 98b, B. 190 ""American"": IV. Andante","Dvorak: American Suite, Czech Suite; Overtures and Tone Poems",Antonín Dvořák,3S0ElrURfLlvMRW2PRUzrK,2006-04-03,22,273466,0.0974,0.914,0.00564,0.924,0.0745,0.0369,-35.734,0.0397,88.709,0,3
"Wagner: Lohengrin, WWV 75: Prelude to Act 3",Spatial Audio - The 3D Orchestral Collection,Orchestre Philharmonique De Strasbourg,1M3MLD0U0CbhGHrG9yc6dz,2021-10-15,22,199200,0.172,0.805,0.233,0.91,0.342,0.193,-18.207,0.0409,80.022,7,4
Einaudi: Le onde,The Einaudi Sound,Dalal,66xTqfURrGxaHsxDLIm3RM,2019-02-22,30,322026,0.422,0.989,0.218,0.89,0.0889,0.0755,-23.182,0.0472,105.52,2,3
"Mozart: Le nozze di Figaro, K. 492: Sinfonia",Mozart - Le nozze di Figaro,Wolfgang Amadeus Mozart,2kLUvKNACA1C8mFjXJaGJ5,1987,30,238266,0.318,0.976,0.182,0.821,0.105,0.349,-16.567,0.0356,153.926,2,4
"Bach, JS: Orchestral Suite No. 3 in D Major, BWV 1068: II. Air",100 x Klassik die man gehört haben muss,Various Artists,5OOI3CMJ9R0GWgOuJE1aMF,2017-11-03,22,215306,0.102,0.856,0.198,0.891,0.108,0.0545,-19.785,0.042,88.035,2,4
"Bach, JS: Keyboard Concerto in D Minor, BWV 974: II. Adagio (After Marcello's Oboe Concerto)",Bach: Keyboard Concertos,Johann Sebastian Bach,1GchaKRN5gASUBLAPVjYqg,2011-09-05,27,241373,0.336,0.99,0.0136,0.475,0.155,0.0378,-31.213,0.0377,141.699,2,4
"Tchaikovsky: The Sleeping Beauty, Op. 66, Act II ""The Vision"", Scene 1: No. 17, Panorama","Tchaikovsky: The Sleeping Beauty, Op. 66",Pyotr Ilyich Tchaikovsky,6PhzX3BHB38Jpf9eSdSfPz,1974-01-01,21,240480,0.223,0.978,0.0331,0.931,0.103,0.0694,-31.428,0.0433,118.928,7,3
"Mozart: Concerto for Flute and Harp, K. 299: II. Andantino","Mozart & Flute in Paris - Concerto for Flute and Harp, K. 299: II. Andantino",Emmanuel Pahud,07tK0qdFhjuG9Wh3RbuZ0j,2021-06-25,47,510933,0.264,0.961,0.0923,0.926,0.111,0.144,-20.328,0.0423,98.886,5,4
"Beliebte Klavierstücke - Rudolf Buchbinder, Ludwig Van Beethoven (1770-1827): - Klavierstück A-Moll Woo 59 ""für Elise""",Für Elise - Die Schönsten Klavierstücke / Best-Loved Piano Music,Rudolf Buchbinder,5Cte0i8B0EDWSNsMpdfJHT,2008-02-08,20,216733,0.301,0.994,0.00735,0.868,0.0517,0.149,-40.751,0.0479,127.771,9,4
"Mozart: Concerto for 2 Pianos No. 10 in E-Flat Major, K. 365: III. Rondo. Allegro",Martha Argerich Plays Mozart,Wolfgang Amadeus Mozart,6E8bfTEig61B7GVxG1uOGm,2021-05-07,20,367840,0.468,0.988,0.166,0.878,0.209,0.353,-20.694,0.03,99.782,3,4
"Grieg: Peer Gynt, Op. 23, Act 2: No. 7, In the Hall of the Mountain King",Grieg: Peer Gynt - Incidental Music,Edvard Grieg,0WvpkB7fYYqkZnusZWTBJ9,2005-06-06,19,161200,0.434,0.837,0.0496,0.135,0.263,0.158,-21.582,0.0511,115.103,7,4
"Dvořák: Serenade for Strings in E Major, Op. 22, B. 52: II. Tempo di Valse","Dvorak - String Serenade in E, Op.22 / Wind Serenade in D minor Op.44",Antonín Dvořák,1kOWejv6G0r6MsUQ9obWVV,1983,33,408200,0.179,0.948,0.0408,0.532,0.0692,0.187,-21.35,0.0442,170.286,9,3
"Vivaldi: The Four Seasons, Violin Concerto in F Minor, Op. 8 No. 4, RV 297 ""Winter"": II. Largo","Vivaldi: The Four Seasons - Concertos for Two Violins, RV 511 & RV 522",Antonio Vivaldi,39B4var1dLi9MdQdO8pk9K,2003-10-01,19,99546,0.369,0.616,0.0497,0.00496,0.153,0.261,-26.929,0.0445,93.077,10,4
Wolfgang Amadeus Mozart: Sonata A Minor K 310: I. Allegro maestoso,The Mozart / Nyman Concert,Sebastian Knauer,55sGPpmv9VDtPpmiQyGRO3,2021-06-04,20,258230,0.284,0.986,0.238,0.9,0.102,0.299,-17.448,0.036,127.795,9,4
"Mozart: Symphony No. 41 in C Major, K. 551 ""Jupiter"": IV. Molto allegro","Mozart: Symphony No. 41, K. 551 ""Jupiter"" & Divertimento, K. 136",Wolfgang Amadeus Mozart,3pqUo8fM2jRdH0TN3daOcb,1989-01-01,20,712798,0.286,0.519,0.314,0.846,0.118,0.246,-17.478,0.0383,133.804,0,4
"Dvořák: Czech Suite in D Major, Op. 39, B. 93: II. Polka","Dvorak: American Suite, Czech Suite; Overtures and Tone Poems",Antonín Dvořák,5UzBaEo3vFq6lGiz0jOoUk,2006-04-03,20,282826,0.25,0.884,0.0679,0.852,0.188,0.146,-24.946,0.0456,117.288,9,4
Liszt: Consolation No. 3,Liszt: Consolation,Franz Liszt,7Hw225QTVDdcm3pOuA9wb1,2020-04-22,20,272960,0.316,0.988,0.0068,0.914,0.132,0.0485,-30.875,0.0343,70.596,1,4
"Schubert: Rosamunde, Op. 26, D. 797: Ballet Music II",Riccardo Muti Conducts the Wiener Philharmoniker,Wiener Philharmoniker,1SWWWKK7rg93Mm8bx2vcNN,2021-07-23,19,407573,0.446,0.968,0.0161,0.0444,0.0959,0.201,-24.847,0.0442,97.882,7,4
"Bizet: L'Arlésienne, Suite No. 2 (Arr. E. Guiraud): III. Menuet (Andantino quasi allegretto)",Fantasy - A Night at the Opera,Emmanuel Pahud,2b3Bi0Ktn1QPlTDZuXF9zK,2010-03-08,21,237866,0.328,0.983,0.0296,0.912,0.103,0.316,-24.126,0.0444,75.164,3,5
"Cavatina (From ""The Deer Hunter"")","Cavatina (From ""The Deer Hunter"")",Stanley Myers,2ijOTl2fScBOP7GDiZleJg,2021-02-01,32,203360,0.317,0.994,0.0278,0.91,0.0844,0.386,-27.4,0.0442,88.832,4,3
"Chopin: Nocturne No. 20 in C-Sharp Minor, Op. Posth.",100 x Klassik die man gehört haben muss,Various Artists,3kNO8VavCp742ycwYLSRX9,2017-11-03,19,263693,0.28,0.992,0.00811,0.921,0.0815,0.151,-26.259,0.0497,69.525,1,4
"Couperin, F: Second livre de pièces de clavecin, Sixième ordre: V. Les baricades mistérieuses",François Couperin Edition,François Couperin,2ysQkliFZA3i6ASKD4GVkA,2018-10-19,28,153293,0.183,0.99,0.15,0.873,0.0997,0.385,-25.053,0.0337,149.496,10,4
"Barber: Adagio for Strings, Op. 11",100 x Klassik die man gehört haben muss,Various Artists,5Y01JsFUwWn2pZqqS7h8DW,2017-11-03,19,381533,0.0632,0.94,0.0909,0.872,0.084,0.0358,-21.581,0.05,69.175,10,3
"Dvořák: Czech Suite in D Major, Op. 39, B. 93: IV. Romanza","Dvorak: American Suite, Czech Suite; Overtures and Tone Poems",Antonín Dvořák,4IDn6FlDFosueSOH0mfExb,2006-04-03,26,265773,0.108,0.969,0.0439,0.959,0.105,0.0494,-28.888,0.0425,69.395,7,4
"Tchaikovsky: The Sleeping Beauty, Op. 66, Act I ""The Spell"": No. 6, Waltz",100 x Klassik die man gehört haben muss,Various Artists,2eOVt5YDBgtXIekoW9Y6xe,2017-11-03,18,303146,0.254,0.959,0.135,0.84,0.291,0.409,-18.795,0.0361,93.9,10,4
Rodrigo: Fantasía para un gentilhombre: II. Españoleta,Sharon Isbin - Greatest Hits,Sharon Isbin,03Mq0XgtOCzMUbAqBXdUHb,1991-01-01,18,322382,0.231,0.962,0.00992,0.87,0.116,0.153,-32.79,0.0378,85.145,9,4
By the Sleepy Lagoon,Coates: By the Sleepy Lagoon,Eric Coates,41jL7tw2Vt0YnNMdOzoRYZ,2019-03-01,21,237693,0.154,0.979,0.0321,0.895,0.102,0.0389,-29.356,0.0393,134.889,0,3
Mighty Powers,Mighty Powers,David Orlowsky,1PFMIWwBWZb5svpolLPMGx,2022-03-18,20,177000,0.459,0.995,0.0622,0.476,0.109,0.375,-17.495,0.0431,107.208,9,3
"La Berceuse, aus der Oper 'Jocelyn'",Barcarole - Beliebte Orchesterstücke,"Sir Neville Marriner, Radio Sinfonieorchester Stuttgart",1GSrdsgu94z10QF9yT952N,1985-12-31,18,280520,0.136,0.977,0.0396,0.825,0.115,0.0378,-25.769,0.0458,95.998,5,4
"Chopin: Nocturne No. 21 in C Minor, Op. Posth.",Chopin Nocturnes,Frédéric Chopin,12uPEYQW5tXkJyQV7yG4tJ,2010-03-15,23,160906,0.33,0.993,0.0107,0.927,0.089,0.125,-33.598,0.0348,73.304,0,3
"Dvořák: Symphony No. 8 in G Major, Op. 88, B. 163: III. Allegretto grazioso",Aus der Neuen Welt: Best of Dvorák (Inspiration),Various Artists,4y7VW6lh028ANKXmANlUNk,2014-08-01,19,368906,0.181,0.89,0.069,0.897,0.368,0.249,-24.892,0.0426,154.144,7,3
"Dvořák: 8 Slavonic Dances, Op. 72, B. 147: No. 10 in E Minor","Dvořák: Slavonic Dances, Op. 46 & 72",Antonín Dvořák,2Crn9ZvFO5fG7DmVIkctHV,2002-01-01,19,353066,0.139,0.952,0.0439,0.604,0.141,0.0458,-24.648,0.0402,92.61,0,3
"Vivaldi: The Four Seasons, Violin Concerto in F Major, Op. 8 No. 3, RV 293 ""Autumn"": I. Allegro",Vivaldi: The Four Seasons,Antonio Vivaldi,26HzHqSiFuvjAz4geaLMLV,1984-01-01,22,294440,0.426,0.767,0.107,0.1,0.291,0.113,-17.87,0.0407,124.733,5,4
Bizet / Arr. Guiraud: Carmen Suite No. 2: II. Habanera,Bizet: Suites from Carmen & L'Arlésienne,Georges Bizet,3GV7MPv7B2hyp2hRR9TCmS,1984-01-01,22,126880,0.464,0.99,0.0069,0.0263,0.0997,0.383,-28.755,0.0391,121.993,2,4
"Liszt: 6 Consolations, S. 172: III. Lento placido",Chopin & Liszt: Piano Works,Franz Liszt,6t6NUHnlhN2hWTN2XxqTNA,2019-08-30,35,220413,0.2,0.984,0.00696,0.898,0.121,0.128,-33.73,0.0327,74.999,1,4
"Rachmaninov: Piano Concerto No. 2 in C Minor, Op. 18: II. Adagio sostenuto (Excerpt)",The Most Peaceful Classical Album in the World...Ever!,Various Artists,3Q6o2IvSohjJkMgGdKqEbE,2000-10-01,28,272626,0.128,0.988,0.0361,0.882,0.075,0.053,-24.146,0.0373,86.54,4,4
"Grieg: Piano Concerto in A Minor, Op. 16: II. Adagio",Grieg & Schumann - Piano Concertos In A Minor,Cécile Ousset/Sir Neville Marriner/London Symphony Orchestra/London Philharmonic,1Q2oT5h7wJxEw1Jmq6PBJO,1999-06-11,20,392960,0.209,0.983,0.0284,0.955,0.0829,0.0359,-21.261,0.04,99.192,1,4
Morricone: Cinema Paradiso,Le Poète du piano,Alexandre Tharaud,0bDFPs0Wwpy1QlPSJblktu,2020-10-23,38,130360,0.29,0.995,0.034,0.933,0.101,0.0962,-26.262,0.0413,81.409,10,3
"Dvořák: Symphony No. 9 in E Minor, Op. 95, B. 178 ""From the New World"": III. Molto vivace","Dvořák: Symphony No. 9, Op. 95 ""From the New World""",Antonín Dvořák,7wZQipnf3B9jQDtZCIxYzD,1976-01-01,18,461800,0.201,0.948,0.0668,0.709,0.108,0.149,-22.004,0.0383,78.088,0,4
Bizet / Arr. Guiraud: Carmen Suite No. 1: III. Intermezzo,Bizet: Suites from Carmen & L'Arlésienne,Georges Bizet,6ep1Wf5h3lMANFZZSJkbxu,1984-01-01,26,151080,0.207,0.955,0.0282,0.926,0.0918,0.0654,-30.26,0.0393,69.83,3,4
"Brahms: 6 Piano Pieces, Op. 118: No. 2, Intermezzo in A Major",Brahms: Piano Concerto No. 1 & Six Pieces,Johannes Brahms,5f6Pv6JOK9tpgYOQcOgCfs,2000-06-23,27,373293,0.353,0.995,0.00896,0.89,0.0918,0.0724,-32.422,0.0528,83.993,9,5
"Beethoven: Piano Sonata No. 8 in C Minor, Op. 13, ""Pathétique"": II. Adagio cantabile","Beethoven: Piano Sonatas Nos 8, ""Pathétique"", 9 & 10",Ludwig van Beethoven,4l5zWNPyET6PqBhxQEyKgt,2020-01-17,47,324960,0.286,0.995,0.0028,0.912,0.127,0.123,-37.427,0.0462,67.505,8,4
"Debussy: Petite suite, CD 71, L. 65: I. En bateau (Orch. Büsser)","Debussy: Petite suite, Danses pour harpe et orchestre & Épigraphes antiques",Claude Debussy,4d0JpLqxiMXL71LSUk5AGE,1969-01-01,22,220773,0.0738,0.912,0.0468,0.894,0.105,0.0392,-29.489,0.0432,69.333,7,3
Intermezzo From Cavalleria Rusticana,Last Night of the Proms,Royal Philharmonic Orchestra,7hgv1kWftwCKmuT5rBl5Nj,2007-08-03,39,199306,0.0901,0.949,0.0748,0.925,0.101,0.0347,-21.167,0.0464,86.038,5,3
"Elgar: 2 Chansons, Op. 15: No. 1, Chanson de nuit",Elgar: The Music Makers & Orchestral Works,Andrew Davis,0Xg8I6BzsFlLBXrP2TvOCQ,1994-01-01,17,255799,0.0806,0.964,0.0347,0.847,0.104,0.0346,-26.639,0.0418,83.069,7,4
"Boccherini / Arr. Paillard: String Quintet in E Major, Op. 11 No. 5, G. 275: III. Minuetto","8 Menuets célèbres : Mozart, Boccherini, Exaudet...",Jean-François Paillard,7AVXKj5w38DL1BdAx6mmjr,1961-01-01,25,183920,0.434,0.937,0.143,0.908,0.129,0.595,-19.482,0.0353,110.777,9,3
"Mendelssohn: The Hebrides, Op. 26, MWV P 7 ""Fingal's Cave""","Mendelssohn: Symphony No. 4 ""Italian"", The Hebrides, Ruy Blas & Overture from A Midsummer Night's Dream",Felix Mendelssohn,7q8d9Z3XXFll1VnOOh3xri,1979-01-01,18,565840,0.205,0.782,0.158,0.914,0.115,0.0757,-16.379,0.0382,133.706,7,4
"Berlioz: Symphonie fantastique, H. 48: II. Un bal. Valse. Allegro non troppo","Berlioz: Symphonie fantastique, H.48, Op. 14",Hector Berlioz,2t414AZS5rTNCHiccHzrhk,2020-05-27,34,408554,0.158,0.937,0.0637,0.667,0.0785,0.101,-24.729,0.0465,72.99,9,4
"Bach, JS: The Well-Tempered Clavier, Book 1, Prelude and Fugue No. 1 in C Major, BWV 846: I. Prelude",Le Poète du piano,Alexandre Tharaud,3elLXOiCHZcDX7xh6LmHvT,2020-10-23,37,135560,0.279,0.989,0.0876,0.896,0.132,0.0973,-27.941,0.0383,134.041,0,4
"Beecham & Handel: The Gods Go a'Begging: II. First Dance (After Teseo, HWV 9)","Handel, Beecham: The Gods Go a'Begging",Sir Thomas Beecham,6P5ksYhr7TGszbGp0z0ImZ,2022-03-25,21,117906,0.403,0.873,0.127,0.926,0.158,0.422,-25.145,0.0303,103.817,10,4
"Piano Concerto No. 20 in D Minor, K. 466: II. Romance","Piano Concerto No. 20 in D Minor, K. 466: II. Romance",Wolfgang Amadeus Mozart,0srpphuoGF1tJTr5nASk49,2021-06-24,17,525293,0.266,0.989,0.108,0.89,0.112,0.125,-18.264,0.034,85.172,10,4
"Gypsy Songs, Op. 55: IV. Songs My Mother Taught Me",Mademoiselle in New York,Lucienne Renaudin Vary,6FTRtpQRu81Qk8GRVMuMsy,2019-10-04,25,126360,0.159,0.923,0.148,0.844,0.157,0.0593,-17.151,0.0349,95.203,9,4
"Elgar: Enigma Variations, Op. 36: IX. Nimrod",Elgar : Orchestral Works,Edward Elgar,4bTBkaDfJiLIQ6kgJ20uRT,2005-05-01,18,253733,0.174,0.942,0.0561,0.648,0.192,0.0341,-24.841,0.0382,73.074,3,3
"Beethoven: Romance for Violin and Orchestra No. 2 in F Major, Op. 50",Beethoven: Violin Concerto & Romances,Ludwig van Beethoven,1zz8RgcUvg41BMsnOea9fg,2022-05-13,18,535240,0.212,0.884,0.0496,0.153,0.327,0.0986,-24.1,0.0414,96.348,5,4
"Prokofiev: Symphony No. 1 in D Major, Op. 25, ""Classical symphony"": I. Allegro","Mussorgsky: Pictures at an Exhibition - Prokofiev: Symphony No. 1, ""Classical""",Philippe Jordan,3RJJY7fxUhbekHyExZOm63,2017-04-07,22,256506,0.609,0.915,0.0466,0.302,0.118,0.48,-21.656,0.0383,98.811,4,4
"Shostakovich: Suite for Jazz Orchestra No. 2, Op. 50b: No. 2, Waltz",Mariss Jansons Conducts Shostakovich,Dmitri Shostakovich,5ND9pMlrraxFWg6CTqWh7C,2022-04-08,19,224480,0.149,0.968,0.247,0.9,0.067,0.298,-16.412,0.0333,185.162,0,3
"Schubert: Symphony No. 3 in D Major, D. 200: II. Allegretto",Riccardo Muti Conducts the Wiener Philharmoniker,Wiener Philharmoniker,3th2VANZli5EWnwwxLzaLi,2021-07-23,17,238733,0.466,0.956,0.0263,0.733,0.0619,0.255,-28.915,0.0313,95.355,7,4
Richter: The Leftovers: She Remembers,Emotions,Gautier Capuçon,2t3FchceIZnHEbLzssgBTc,2020-11-06,26,214408,0.0902,0.965,0.0272,0.959,0.703,0.0392,-34.055,0.0516,171.803,6,5
"Elgar: 2 Chansons, Op. 15: No. 2, Chanson de matin",Elgar: The Music Makers & Orchestral Works,Andrew Davis,3adzRzNNjfH67wem6umMzo,1994-01-01,18,223079,0.0994,0.938,0.0577,0.888,0.161,0.0414,-25.702,0.0417,79.683,7,4
"Dvorák / Transc. Lenaerts: Rusalka, Op. 114, Act 1: Song to the Moon","Vienna Stories - Rusalka, Op. 114, Act 1: Song to the Moon (Transc. Lenaerts)",Antonín Dvořák,0pPCPFOOYEKMxlYhH3blQ4,2021-08-27,7,353053,0.3,0.989,0.0268,0.912,0.0864,0.0394,-26.397,0.0403,168.235,6,4
"Fauré: Pavane, Op. 50 (Instrumental Version)","Fauré: Requiem, Op. 48 & Pavane, Op. 50",Gabriel Fauré,4kVn4cCXoagPhAdzqgWnHU,1968-01-01,25,409626,0.0634,0.963,0.0302,0.896,0.0954,0.0413,-25.622,0.0428,58.207,6,4
"Sibelius: Karelia Suite, Op. 11: III. Alla marcia","Sibelius : Karelia Suite, Pohjola's Daughter, The Bard, Finlandia & Tapiola",Jean Sibelius,1Lre8HhYefh2gF4KAL1MaR,2001-09-01,20,266560,0.23,0.876,0.185,0.871,0.0895,0.188,-18.944,0.0358,172.524,9,4
"Rachmaninov: Piano Concerto No. 2 in C Minor, Op. 18: II. Adagio sostenuto",Hélène Grimaud Plays Rachmaninov,Sergei Rachmaninoff,7jESdbli3f0TyMoVTRyrEE,2022-03-25,20,716506,0.149,0.979,0.0294,0.927,0.1,0.0371,-28.633,0.0395,91.162,4,3
"Chopin: Waltz No. 9 in A-Flat Major, Op. 69 No. 1, ""The Farewell Waltz """,Chopin: Piano Works,Frédéric Chopin,2zfitTxt9KPU0XroKQT0ND,2017-02-03,47,268160,0.347,0.995,0.0169,0.895,0.0859,0.116,-29.461,0.0379,68.711,8,3
Cold Song,Cold Song,David Orlowsky,6B7aOaJQbTmgEgkoOYeppq,2022-04-08,20,282000,0.367,0.985,0.00604,0.889,0.101,0.0962,-22.54,0.0402,62.046,5,4
"Swedish Rhapsody No. 1, Op. 19 ""Midsummer Vigil""",Classical Music for the Summer,Various Artists,1tAfzDdeNHuFz23RbInMvG,2018-06-22,18,280000,0.447,0.983,0.166,0.936,0.0826,0.434,-18.165,0.0308,100.765,2,4
"Ravel: Pavane pour une infante défunte, M. 19",Ravel : Orchestral works,Maurice Ravel,2uDdXmYZlF15iARKksHEew,1992-01-01,31,368133,0.141,0.98,0.0471,0.965,0.16,0.044,-27.3,0.0416,101.894,7,4
"Poulenc: Piano Concerto in C-Sharp Minor, FP 146: II. Andante con moto",Poulenc : Piano Concertos & Aubade,Francis Poulenc,0DVx3v5sCMYOziWG8Naodr,1990-01-01,21,335786,0.121,0.963,0.0175,0.92,0.118,0.04,-23.596,0.036,174.673,3,3
"Chopin: Nocturne No. 8 in D-Flat Major, Op. 27 No. 2",Gabriela Montero: Piano Recital,Gabriela Montero,4hbvrHgfZ8lqFrPx1Ztd6j,2005-09-05,51,338253,0.359,0.989,0.0323,0.91,0.0938,0.0728,-24.408,0.0377,107.169,1,4
Rota / Arr. Capelletti & Lenaerts: Romeo and Juliet: Love Theme,Rota: Works for Harp,Nino Rota,0o7rDYyPEb6fmMs1PUxwqq,2019-03-29,34,217853,0.298,0.97,0.0324,0.94,0.111,0.0796,-26.794,0.0373,124.892,3,4
"Tchaikovsky: The Nutcracker, Op. 71, Act II: No. 13, Waltz of the Flowers",Tschaikowsky: Der Nussknacker,Pyotr Ilyich Tchaikovsky,7qr2R4Wc72iixUDfMfEzBT,2010-10-22,37,415813,0.149,0.944,0.128,0.928,0.0703,0.113,-20.459,0.0462,47.362,2,3
